{
    "metadata": {
        "time_seconds": 16.725930418
    },
    "winner_probs": {
        "Ding, Liren": 0.054121,
        "Firouzja, Alireza": 0.012459,
        "Caruana, Fabiano": 0.23295,
        "Nepomniachtchi, Ian": 0.489298,
        "Rapport, Richard": 0.106528,
        "Nakamura, Hikaru": 0.058385,
        "Radjabov, Teimour": 0.028615,
        "Duda, Jan-Krzysztof": 0.017644
    },
    "expected_points": {
        "Ding, Liren": 6.789188,
        "Firouzja, Alireza": 5.9185995,
        "Caruana, Fabiano": 8.0297855,
        "Nepomniachtchi, Ian": 8.809114,
        "Rapport, Richard": 7.271619,
        "Nakamura, Hikaru": 6.821785,
        "Radjabov, Teimour": 6.3032795,
        "Duda, Jan-Krzysztof": 6.0566295
    },
    "rank_matrix": {
        "Ding, Liren": [
            0.054121,
            0.100144,
            0.13892,
            0.152862,
            0.156212,
            0.148339,
            0.134676,
            0.114726
        ],
        "Firouzja, Alireza": [
            0.012459,
            0.039987,
            0.068567,
            0.09593,
            0.124749,
            0.158235,
            0.202975,
            0.297098
        ],
        "Caruana, Fabiano": [
            0.23295,
            0.253477,
            0.177272,
            0.127809,
            0.090617,
            0.062793,
            0.038578,
            0.016504
        ],
        "Nepomniachtchi, Ian": [
            0.489298,
            0.211247,
            0.127643,
            0.078347,
            0.048031,
            0.027347,
            0.01359,
            0.004497
        ],
        "Rapport, Richard": [
            0.106528,
            0.173549,
            0.172668,
            0.159195,
            0.137167,
            0.112532,
            0.08555,
            0.052811
        ],
        "Nakamura, Hikaru": [
            0.058385,
            0.101239,
            0.140384,
            0.15645,
            0.159667,
            0.150686,
            0.132588,
            0.100601
        ],
        "Radjabov, Teimour": [
            0.028615,
            0.074539,
            0.097645,
            0.122615,
            0.147134,
            0.171244,
            0.183228,
            0.17498
        ],
        "Duda, Jan-Krzysztof": [
            0.017644,
            0.045818,
            0.076901,
            0.106792,
            0.136423,
            0.168824,
            0.208815,
            0.238783
        ]
    },
    "game_probs": {
        "7": {
            "Rapport, Richard|Nepomniachtchi, Ian": [
                0.360227,
                0.341298,
                0.298475
            ],
            "Duda, Jan-Krzysztof|Nakamura, Hikaru": [
                0.398577,
                0.336439,
                0.264984
            ],
            "Ding, Liren|Firouzja, Alireza": [
                0.398297,
                0.30484,
                0.296863
            ],
            "Caruana, Fabiano|Radjabov, Teimour": [
                0.441501,
                0.301964,
                0.256535
            ]
        },
        "8": {
            "Rapport, Richard|Duda, Jan-Krzysztof": [
                0.487506,
                0.302311,
                0.210183
            ],
            "Nepomniachtchi, Ian|Ding, Liren": [
                0.393222,
                0.313551,
                0.293227
            ],
            "Nakamura, Hikaru|Caruana, Fabiano": [
                0.390166,
                0.310943,
                0.298891
            ],
            "Firouzja, Alireza|Radjabov, Teimour": [
                0.421461,
                0.287295,
                0.291244
            ]
        },
        "9": {
            "Firouzja, Alireza|Rapport, Richard": [
                0.339881,
                0.329856,
                0.330263
            ],
            "Radjabov, Teimour|Nakamura, Hikaru": [
                0.45113,
                0.318425,
                0.230445
            ],
            "Caruana, Fabiano|Nepomniachtchi, Ian": [
                0.383371,
                0.292658,
                0.323971
            ],
            "Ding, Liren|Duda, Jan-Krzysztof": [
                0.492304,
                0.272714,
                0.234982
            ]
        },
        "10": {
            "Rapport, Richard|Ding, Liren": [
                0.372688,
                0.321301,
                0.306011
            ],
            "Duda, Jan-Krzysztof|Caruana, Fabiano": [
                0.340288,
                0.31484,
                0.344872
            ],
            "Nepomniachtchi, Ian|Radjabov, Teimour": [
                0.501643,
                0.243897,
                0.25446
            ],
            "Nakamura, Hikaru|Firouzja, Alireza": [
                0.409089,
                0.29068,
                0.300231
            ]
        },
        "11": {
            "Nakamura, Hikaru|Rapport, Richard": [
                0.375898,
                0.306166,
                0.317936
            ],
            "Firouzja, Alireza|Nepomniachtchi, Ian": [
                0.375381,
                0.277459,
                0.34716
            ],
            "Radjabov, Teimour|Duda, Jan-Krzysztof": [
                0.466587,
                0.304853,
                0.22856
            ],
            "Caruana, Fabiano|Ding, Liren": [
                0.36102,
                0.294554,
                0.344426
            ]
        },
        "12": {
            "Rapport, Richard|Caruana, Fabiano": [
                0.421624,
                0.280094,
                0.298282
            ],
            "Ding, Liren|Radjabov, Teimour": [
                0.4547,
                0.266227,
                0.279073
            ],
            "Duda, Jan-Krzysztof|Firouzja, Alireza": [
                0.351081,
                0.312194,
                0.336725
            ],
            "Nepomniachtchi, Ian|Nakamura, Hikaru": [
                0.520872,
                0.243592,
                0.235536
            ]
        },
        "13": {
            "Nepomniachtchi, Ian|Rapport, Richard": [
                0.42347,
                0.271465,
                0.305065
            ],
            "Nakamura, Hikaru|Duda, Jan-Krzysztof": [
                0.488122,
                0.264508,
                0.24737
            ],
            "Firouzja, Alireza|Ding, Liren": [
                0.346825,
                0.294754,
                0.358421
            ],
            "Radjabov, Teimour|Caruana, Fabiano": [
                0.391762,
                0.302445,
                0.305793
            ]
        },
        "14": {
            "Rapport, Richard|Radjabov, Teimour": [
                0.469792,
                0.260545,
                0.269663
            ],
            "Caruana, Fabiano|Firouzja, Alireza": [
                0.410973,
                0.272667,
                0.31636
            ],
            "Ding, Liren|Nakamura, Hikaru": [
                0.473921,
                0.267821,
                0.258258
            ],
            "Duda, Jan-Krzysztof|Nepomniachtchi, Ian": [
                0.345488,
                0.292342,
                0.36217
            ]
        }
    }
}
