{
    "metadata": {
        "time_seconds": 21.925135107
    },
    "winner_probs": {
        "Ding, Liren": 0.110426,
        "Firouzja, Alireza": 0.168193,
        "Caruana, Fabiano": 0.1604,
        "Nepomniachtchi, Ian": 0.174535,
        "Rapport, Richard": 0.158614,
        "Nakamura, Hikaru": 0.090668,
        "Radjabov, Teimour": 0.068361,
        "Duda, Jan-Krzysztof": 0.068803
    },
    "expected_points": {
        "Ding, Liren": 6.893426,
        "Firouzja, Alireza": 7.3850265,
        "Caruana, Fabiano": 7.2675595,
        "Nepomniachtchi, Ian": 7.344264,
        "Rapport, Richard": 7.297482,
        "Nakamura, Hikaru": 6.6944175,
        "Radjabov, Teimour": 6.573125,
        "Duda, Jan-Krzysztof": 6.5446995
    },
    "rank_matrix": {
        "Ding, Liren": [
            0.110426,
            0.110614,
            0.121531,
            0.126686,
            0.130362,
            0.133036,
            0.133893,
            0.133452
        ],
        "Firouzja, Alireza": [
            0.168193,
            0.168299,
            0.144323,
            0.13011,
            0.11794,
            0.105712,
            0.091936,
            0.073487
        ],
        "Caruana, Fabiano": [
            0.1604,
            0.143081,
            0.138182,
            0.131337,
            0.123212,
            0.114238,
            0.103123,
            0.086427
        ],
        "Nepomniachtchi, Ian": [
            0.174535,
            0.150737,
            0.141036,
            0.130466,
            0.119863,
            0.108451,
            0.0963,
            0.078612
        ],
        "Rapport, Richard": [
            0.158614,
            0.156475,
            0.141022,
            0.1304,
            0.121216,
            0.111073,
            0.099459,
            0.081741
        ],
        "Nakamura, Hikaru": [
            0.090668,
            0.090716,
            0.107456,
            0.118708,
            0.129132,
            0.139843,
            0.15326,
            0.170217
        ],
        "Radjabov, Teimour": [
            0.068361,
            0.095621,
            0.10447,
            0.116751,
            0.128581,
            0.142625,
            0.158918,
            0.184673
        ],
        "Duda, Jan-Krzysztof": [
            0.068803,
            0.084457,
            0.10198,
            0.115542,
            0.129694,
            0.145022,
            0.163111,
            0.191391
        ]
    },
    "game_probs": {
        "3": {
            "Ding, Liren|Rapport, Richard": [
                0.266253,
                0.497581,
                0.236166
            ],
            "Caruana, Fabiano|Duda, Jan-Krzysztof": [
                0.296448,
                0.494596,
                0.208956
            ],
            "Radjabov, Teimour|Nepomniachtchi, Ian": [
                0.279752,
                0.493235,
                0.227013
            ],
            "Firouzja, Alireza|Nakamura, Hikaru": [
                0.333823,
                0.4783,
                0.187877
            ]
        },
        "4": {
            "Rapport, Richard|Nakamura, Hikaru": [
                0.331022,
                0.476698,
                0.19228
            ],
            "Nepomniachtchi, Ian|Firouzja, Alireza": [
                0.210144,
                0.521597,
                0.268259
            ],
            "Duda, Jan-Krzysztof|Radjabov, Teimour": [
                0.235627,
                0.497343,
                0.26703
            ],
            "Ding, Liren|Caruana, Fabiano": [
                0.316882,
                0.481591,
                0.201527
            ]
        },
        "5": {
            "Caruana, Fabiano|Rapport, Richard": [
                0.242254,
                0.481106,
                0.27664
            ],
            "Radjabov, Teimour|Ding, Liren": [
                0.234732,
                0.507032,
                0.258236
            ],
            "Firouzja, Alireza|Duda, Jan-Krzysztof": [
                0.331406,
                0.481988,
                0.186606
            ],
            "Nakamura, Hikaru|Nepomniachtchi, Ian": [
                0.279724,
                0.459812,
                0.260464
            ]
        },
        "6": {
            "Radjabov, Teimour|Rapport, Richard": [
                0.262207,
                0.482601,
                0.255192
            ],
            "Firouzja, Alireza|Caruana, Fabiano": [
                0.312815,
                0.481796,
                0.205389
            ],
            "Nakamura, Hikaru|Ding, Liren": [
                0.233461,
                0.468425,
                0.298114
            ],
            "Nepomniachtchi, Ian|Duda, Jan-Krzysztof": [
                0.287614,
                0.485032,
                0.227354
            ]
        },
        "7": {
            "Rapport, Richard|Nepomniachtchi, Ian": [
                0.308015,
                0.463728,
                0.228257
            ],
            "Duda, Jan-Krzysztof|Nakamura, Hikaru": [
                0.281234,
                0.464627,
                0.254139
            ],
            "Ding, Liren|Firouzja, Alireza": [
                0.280706,
                0.465827,
                0.253467
            ],
            "Caruana, Fabiano|Radjabov, Teimour": [
                0.285489,
                0.445269,
                0.269242
            ]
        },
        "8": {
            "Rapport, Richard|Duda, Jan-Krzysztof": [
                0.342243,
                0.458691,
                0.199066
            ],
            "Nepomniachtchi, Ian|Ding, Liren": [
                0.220763,
                0.474302,
                0.304935
            ],
            "Nakamura, Hikaru|Caruana, Fabiano": [
                0.298151,
                0.452814,
                0.249035
            ],
            "Firouzja, Alireza|Radjabov, Teimour": [
                0.319099,
                0.440226,
                0.240675
            ]
        },
        "9": {
            "Firouzja, Alireza|Rapport, Richard": [
                0.287467,
                0.452566,
                0.259967
            ],
            "Radjabov, Teimour|Nakamura, Hikaru": [
                0.342019,
                0.435549,
                0.222432
            ],
            "Caruana, Fabiano|Nepomniachtchi, Ian": [
                0.296391,
                0.424299,
                0.27931
            ],
            "Ding, Liren|Duda, Jan-Krzysztof": [
                0.365632,
                0.422216,
                0.212152
            ]
        },
        "10": {
            "Rapport, Richard|Ding, Liren": [
                0.267216,
                0.462038,
                0.270746
            ],
            "Duda, Jan-Krzysztof|Caruana, Fabiano": [
                0.261504,
                0.473763,
                0.264733
            ],
            "Nepomniachtchi, Ian|Radjabov, Teimour": [
                0.273653,
                0.444403,
                0.281944
            ],
            "Nakamura, Hikaru|Firouzja, Alireza": [
                0.254344,
                0.451884,
                0.293772
            ]
        },
        "11": {
            "Nakamura, Hikaru|Rapport, Richard": [
                0.265506,
                0.435104,
                0.29939
            ],
            "Firouzja, Alireza|Nepomniachtchi, Ian": [
                0.329587,
                0.421984,
                0.248429
            ],
            "Radjabov, Teimour|Duda, Jan-Krzysztof": [
                0.336874,
                0.445377,
                0.217749
            ],
            "Caruana, Fabiano|Ding, Liren": [
                0.249929,
                0.435789,
                0.314282
            ]
        },