{
    "metadata": {
        "time_seconds": 19.811593613
    },
    "winner_probs": {
        "Ding, Liren": 0.078525,
        "Firouzja, Alireza": 0.080505,
        "Caruana, Fabiano": 0.148037,
        "Nepomniachtchi, Ian": 0.331161,
        "Rapport, Richard": 0.134877,
        "Nakamura, Hikaru": 0.118848,
        "Radjabov, Teimour": 0.050597,
        "Duda, Jan-Krzysztof": 0.05745
    },
    "expected_points": {
        "Ding, Liren": 6.6676785,
        "Firouzja, Alireza": 6.810554,
        "Caruana, Fabiano": 7.32835,
        "Nepomniachtchi, Ian": 8.1785225,
        "Rapport, Richard": 7.2194495,
        "Nakamura, Hikaru": 6.990733,
        "Radjabov, Teimour": 6.3981025,
        "Duda, Jan-Krzysztof": 6.40661
    },
    "rank_matrix": {
        "Ding, Liren": [
            0.078525,
            0.096195,
            0.113295,
            0.124413,
            0.131682,
            0.140228,
            0.149724,
            0.165938
        ],
        "Firouzja, Alireza": [
            0.080505,
            0.117767,
            0.125364,
            0.13004,
            0.133649,
            0.13502,
            0.136542,
            0.141113
        ],
        "Caruana, Fabiano": [
            0.148037,
            0.160515,
            0.147678,
            0.136035,
            0.124754,
            0.112156,
            0.096588,
            0.074237
        ],
        "Nepomniachtchi, Ian": [
            0.331161,
            0.188845,
            0.142456,
            0.110382,
            0.085946,
            0.065829,
            0.047378,
            0.028003
        ],
        "Rapport, Richard": [
            0.134877,
            0.150304,
            0.142141,
            0.136191,
            0.128738,
            0.118849,
            0.104677,
            0.084223
        ],
        "Nakamura, Hikaru": [
            0.118848,
            0.120936,
            0.130272,
            0.13166,
            0.131039,
            0.127303,
            0.123711,
            0.116231
        ],
        "Radjabov, Teimour": [
            0.050597,
            0.085107,
            0.100542,
            0.116409,
            0.13272,
            0.149011,
            0.168748,
            0.196866
        ],
        "Duda, Jan-Krzysztof": [
            0.05745,
            0.080331,
            0.098252,
            0.11487,
            0.131472,
            0.151604,
            0.172632,
            0.193389
        ]
    },
    "game_probs": {
        "5": {
            "Caruana, Fabiano|Rapport, Richard": [
                0.368406,
                0.339091,
                0.292503
            ],
            "Radjabov, Teimour|Ding, Liren": [
                0.341528,
                0.371157,
                0.287315
            ],
            "Firouzja, Alireza|Duda, Jan-Krzysztof": [
                0.444315,
                0.348002,
                0.207683
            ],
            "Nakamura, Hikaru|Nepomniachtchi, Ian": [
                0.39713,
                0.300089,
                0.302781
            ]
        },
        "6": {
            "Radjabov, Teimour|Rapport, Richard": [
                0.371558,
                0.336785,
                0.291657
            ],
            "Firouzja, Alireza|Caruana, Fabiano": [
                0.432358,
                0.339089,
                0.228553
            ],
            "Nakamura, Hikaru|Ding, Liren": [
                0.381565,
                0.295362,
                0.323073
            ],
            "Nepomniachtchi, Ian|Duda, Jan-Krzysztof": [
                0.462836,
                0.305178,
                0.231986
            ]
        },
        "7": {
            "Rapport, Richard|Nepomniachtchi, Ian": [
                0.405119,
                0.316949,
                0.277932
            ],
            "Duda, Jan-Krzysztof|Nakamura, Hikaru": [
                0.388867,
                0.340092,
                0.271041
            ],
            "Ding, Liren|Firouzja, Alireza": [
                0.404116,
                0.306559,
                0.289325
            ],
            "Caruana, Fabiano|Radjabov, Teimour": [
                0.441899,
                0.286294,
                0.271807
            ]
        },
        "8": {
            "Rapport, Richard|Duda, Jan-Krzysztof": [
                0.475211,
                0.29904,
                0.225749
            ],
            "Nepomniachtchi, Ian|Ding, Liren": [
                0.385444,
                0.286111,
                0.328445
            ],
            "Nakamura, Hikaru|Caruana, Fabiano": [
                0.449215,
                0.278886,
                0.271899
            ],
            "Firouzja, Alireza|Radjabov, Teimour": [
                0.473137,
                0.273414,
                0.253449
            ]
        },
        "9": {
            "Firouzja, Alireza|Rapport, Richard": [
                0.412715,
                0.284587,
                0.302698
            ],
            "Radjabov, Teimour|Nakamura, Hikaru": [
                0.469781,
                0.285572,
                0.244647
            ],
            "Caruana, Fabiano|Nepomniachtchi, Ian": [
                0.408931,
                0.25956,
                0.331509
            ],
            "Ding, Liren|Duda, Jan-Krzysztof": [
                0.474058,
                0.268756,
                0.257186
            ]
        },
        "10": {
            "Rapport, Richard|Ding, Liren": [
                0.397979,
                0.28603,
                0.315991
            ],
            "Duda, Jan-Krzysztof|Caruana, Fabiano": [
                0.371014,
                0.322493,
                0.306493
            ],
            "Nepomniachtchi, Ian|Radjabov, Teimour": [
                0.466735,
                0.252999,
                0.280266
            ],
            "Nakamura, Hikaru|Firouzja, Alireza": [
                0.435085,
                0.256541,
                0.308374
            ]
        },
        "11": {
            "Nakamura, Hikaru|Rapport, Richard": [
                0.414052,
                0.249542,
                0.336406
            ],
            "Firouzja, Alireza|Nepomniachtchi, Ian": [
                0.441026,
                0.24829,
                0.310684
            ],
            "Radjabov, Teimour|Duda, Jan-Krzysztof": [
                0.475383,
                0.268168,
                0.256449
            ],
            "Caruana, Fabiano|Ding, Liren": [
                0.389433,
                0.255154,
                0.355413
            ]
        },
        "12": {
            "Rapport, Richard|Caruana, Fabiano": [
                0.457457,
                0.281602,
                0.260941
            ],
            "Ding, Liren|Radjabov, Teimour": [
                0.451857,
                0.263892,
                0.284251
            ],
            "Duda, Jan-Krzysztof|Firouzja, Alireza": [
                0.356188,
                0.304123,
                0.339689
            ],
            "Nepomniachtchi, Ian|Nakamura, Hikaru": [
                0.486032,
                0.254635,
                0.259333
            ]
        },
        "13": {
            "Nepomniachtchi, Ian|Rapport, Richard": [
                0.410267,
                0.254744,
                0.334989
            ],
            "Nakamura, Hikaru|Duda, Jan-Krzysztof": [
                0.494106,
                0.234614,
                0.27128
            ],
            "Firouzja, Alireza|Ding, Liren": [
                0.413197,
                0.258021,
                0.328782
            ],
            "Radjabov, Teimour|Caruana, Fabiano": [
                0.442762,
                0.278845,
                0.278393
            ]
        },