{
    "metadata": {
        "time_seconds": 22.466226905
    },
    "winner_probs": {
        "Ding, Liren": 0.103618,
        "Firouzja, Alireza": 0.207796,
        "Caruana, Fabiano": 0.147188,
        "Nepomniachtchi, Ian": 0.175244,
        "Rapport, Richard": 0.168635,
        "Nakamura, Hikaru": 0.079863,
        "Radjabov, Teimour": 0.063575,
        "Duda, Jan-Krzysztof": 0.054081
    },
    "expected_points": {
        "Ding, Liren": 6.842726,
        "Firouzja, Alireza": 7.734164,
        "Caruana, Fabiano": 7.2712865,
        "Nepomniachtchi, Ian": 7.450819,
        "Rapport, Richard": 7.4613555,
        "Nakamura, Hikaru": 6.567719,
        "Radjabov, Teimour": 6.443438,
        "Duda, Jan-Krzysztof": 6.228492
    },
    "rank_matrix": {
        "Ding, Liren": [
            0.103618,
            0.111074,
            0.122596,
            0.128825,
            0.13175,
            0.133938,
            0.134575,
            0.133624
        ],
        "Firouzja, Alireza": [
            0.207796,
            0.184753,
            0.148935,
            0.126296,
            0.108304,
            0.092426,
            0.075169,
            0.056321
        ],
        "Caruana, Fabiano": [
            0.147188,
            0.140506,
            0.138714,
            0.133634,
            0.126802,
            0.117977,
            0.106652,
            0.088527
        ],
        "Nepomniachtchi, Ian": [
            0.175244,
            0.150459,
            0.141231,
            0.131255,
            0.121118,
            0.109003,
            0.095299,
            0.076391
        ],
        "Rapport, Richard": [
            0.168635,
            0.160718,
            0.145305,
            0.132488,
            0.119983,
            0.10731,
            0.092562,
            0.072999
        ],
        "Nakamura, Hikaru": [
            0.079863,
            0.089955,
            0.108454,
            0.12092,
            0.132638,
            0.144604,
            0.155701,
            0.167865
        ],
        "Radjabov, Teimour": [
            0.063575,
            0.091054,
            0.104318,
            0.118605,
            0.132791,
            0.145322,
            0.161862,
            0.182473
        ],
        "Duda, Jan-Krzysztof": [
            0.054081,
            0.071481,
            0.090447,
            0.107977,
            0.126614,
            0.14942,
            0.17818,
            0.2218
        ]
    },
    "game_probs": {
        "3": {
            "Ding, Liren|Rapport, Richard": [
                0.366468,
                0.329447,
                0.304085
            ],
            "Caruana, Fabiano|Duda, Jan-Krzysztof": [
                0.48008,
                0.311443,
                0.208477
            ],
            "Radjabov, Teimour|Nepomniachtchi, Ian": [
                0.382165,
                0.325662,
                0.292173
            ],
            "Firouzja, Alireza|Nakamura, Hikaru": [
                0.534944,
                0.288672,
                0.176384
            ]
        },
        "4": {
            "Rapport, Richard|Nakamura, Hikaru": [
                0.519778,
                0.286406,
                0.193816
            ],
            "Nepomniachtchi, Ian|Firouzja, Alireza": [
                0.316012,
                0.369176,
                0.314812
            ],
            "Duda, Jan-Krzysztof|Radjabov, Teimour": [
                0.383025,
                0.330671,
                0.286304
            ],
            "Ding, Liren|Caruana, Fabiano": [
                0.452306,
                0.305113,
                0.242581
            ]
        },
        "5": {
            "Caruana, Fabiano|Rapport, Richard": [
                0.389684,
                0.298471,
                0.311845
            ],
            "Radjabov, Teimour|Ding, Liren": [
                0.363875,
                0.342167,
                0.293958
            ],
            "Firouzja, Alireza|Duda, Jan-Krzysztof": [
                0.515374,
                0.289522,
                0.195104
            ],
            "Nakamura, Hikaru|Nepomniachtchi, Ian": [
                0.415777,
                0.278586,
                0.305637
            ]
        },
        "6": {
            "Radjabov, Teimour|Rapport, Richard": [
                0.401566,
                0.29462699999999997,
                0.303807
            ],
            "Firouzja, Alireza|Caruana, Fabiano": [
                0.484318,
                0.289617,
                0.226065
            ],
            "Nakamura, Hikaru|Ding, Liren": [
                0.383001,
                0.290476,
                0.326523
            ],
            "Nepomniachtchi, Ian|Duda, Jan-Krzysztof": [
                0.448938,
                0.294734,
                0.256328
            ]
        },
        "7": {
            "Rapport, Richard|Nepomniachtchi, Ian": [
                0.444615,
                0.275689,
                0.279696
            ],
            "Duda, Jan-Krzysztof|Nakamura, Hikaru": [
                0.447876,
                0.277397,
                0.274727
            ],
            "Ding, Liren|Firouzja, Alireza": [
                0.392317,
                0.285767,
                0.321916
            ],
            "Caruana, Fabiano|Radjabov, Teimour": [
                0.471446,
                0.253193,
                0.275361
            ]
        },
        "8": {
            "Rapport, Richard|Duda, Jan-Krzysztof": [
                0.524989,
                0.25643,
                0.218581
            ],
            "Nepomniachtchi, Ian|Ding, Liren": [
                0.348043,
                0.293902,
                0.358055
            ],
            "Nakamura, Hikaru|Caruana, Fabiano": [
                0.470814,
                0.259417,
                0.269769
            ],
            "Firouzja, Alireza|Radjabov, Teimour": [
                0.508698,
                0.241452,
                0.24985
            ]
        },
        "9": {
            "Firouzja, Alireza|Rapport, Richard": [
                0.445748,
                0.251456,
                0.302796
            ],
            "Radjabov, Teimour|Nakamura, Hikaru": [
                0.526226,
                0.236046,
                0.237728
            ],
            "Caruana, Fabiano|Nepomniachtchi, Ian": [
                0.434096,
                0.232116,
                0.333788
            ],
            "Ding, Liren|Duda, Jan-Krzysztof": [
                0.518128,
                0.227175,
                0.254697
            ]
        },
        "10": {
            "Rapport, Richard|Ding, Liren": [
                0.422018,
                0.267425,
                0.310557
            ],
            "Duda, Jan-Krzysztof|Caruana, Fabiano": [
                0.40374,
                0.286123,
                0.310137
            ],
            "Nepomniachtchi, Ian|Radjabov, Teimour": [
                0.440476,
                0.250571,
                0.308953
            ],
            "Nakamura, Hikaru|Firouzja, Alireza": [
                0.399242,
                0.26512,
                0.335638
            ]
        },
        "11": {
            "Nakamura, Hikaru|Rapport, Richard": [
                0.420897,
                0.238653,
                0.34045
            ],
            "Firouzja, Alireza|Nepomniachtchi, Ian": [
                0.473384,
                0.222159,
                0.304457
            ],
            "Radjabov, Teimour|Duda, Jan-Krzysztof": [
                0.511181,
                0.239291,
                0.249528
            ],
            "Caruana, Fabiano|Ding, Liren": [
                0.402212,
                0.242537,
                0.355251
            ]
        },