{
    "metadata": {
        "time_seconds": 26.293288908
    },
    "winner_probs": {
        "Ding, Liren": 0.22321,
        "Firouzja, Alireza": 0.160817,
        "Caruana, Fabiano": 0.084598,
        "Nepomniachtchi, Ian": 0.08559,
        "Rapport, Richard": 0.163252,
        "Nakamura, Hikaru": 0.086097,
        "Radjabov, Teimour": 0.133831,
        "Duda, Jan-Krzysztof": 0.062605
    },
    "expected_points": {
        "Ding, Liren": 7.6142675,
        "Firouzja, Alireza": 7.3761275,
        "Caruana, Fabiano": 6.688793,
        "Nepomniachtchi, Ian": 6.700366,
        "Rapport, Richard": 7.3635255,
        "Nakamura, Hikaru": 6.655154,
        "Radjabov, Teimour": 7.170366,
        "Duda, Jan-Krzysztof": 6.4314005
    },
    "rank_matrix": {
        "Ding, Liren": [
            0.22321,
            0.163255,
            0.145533,
            0.126732,
            0.110025,
            0.094347,
            0.078045,
            0.058853
        ],
        "Firouzja, Alireza": [
            0.160817,
            0.163387,
            0.143646,
            0.131408,
            0.119778,
            0.108694,
            0.095218,
            0.077052
        ],
        "Caruana, Fabiano": [
            0.084598,
            0.098329,
            0.112095,
            0.122325,
            0.131844,
            0.140908,
            0.150292,
            0.159609
        ],
        "Nepomniachtchi, Ian": [
            0.08559,
            0.099986,
            0.112958,
            0.12267,
            0.131863,
            0.139976,
            0.14863,
            0.158327
        ],
        "Rapport, Richard": [
            0.163252,
            0.159758,
            0.142254,
            0.131056,
            0.119954,
            0.108705,
            0.096165,
            0.078856
        ],
        "Nakamura, Hikaru": [
            0.086097,
            0.092492,
            0.109716,
            0.120862,
            0.131214,
            0.141695,
            0.151974,
            0.16595
        ],
        "Radjabov, Teimour": [
            0.133831,
            0.143185,
            0.136531,
            0.132002,
            0.126985,
            0.119277,
            0.111063,
            0.097126
        ],
        "Duda, Jan-Krzysztof": [
            0.062605,
            0.079608,
            0.097267,
            0.112945,
            0.128337,
            0.146398,
            0.168613,
            0.204227
        ]
    },
    "game_probs": {
        "1": {
            "Duda, Jan-Krzysztof|Rapport, Richard": [
                0.19854,
                0.516537,
                0.284923
            ],
            "Ding, Liren|Nepomniachtchi, Ian": [
                0.317523,
                0.505472,
                0.177005
            ],
            "Caruana, Fabiano|Nakamura, Hikaru": [
                0.2582,
                0.514661,
                0.227139
            ],
            "Radjabov, Teimour|Firouzja, Alireza": [
                0.243643,
                0.515516,
                0.240841
            ]
        },
        "2": {
            "Rapport, Richard|Firouzja, Alireza": [
                0.2602,
                0.504711,
                0.235089
            ],
            "Nakamura, Hikaru|Radjabov, Teimour": [
                0.225344,
                0.514374,
                0.260282
            ],
            "Nepomniachtchi, Ian|Caruana, Fabiano": [
                0.256116,
                0.514821,
                0.229063
            ],
            "Duda, Jan-Krzysztof|Ding, Liren": [
                0.190922,
                0.500736,
                0.308342
            ]
        },
        "3": {
            "Ding, Liren|Rapport, Richard": [
                0.281165,
                0.496908,
                0.221927
            ],
            "Caruana, Fabiano|Duda, Jan-Krzysztof": [
                0.277261,
                0.505058,
                0.217681
            ],
            "Radjabov, Teimour|Nepomniachtchi, Ian": [
                0.297244,
                0.491147,
                0.211609
            ],
            "Firouzja, Alireza|Nakamura, Hikaru": [
                0.312033,
                0.49381,
                0.194157
            ]
        },
        "4": {
            "Rapport, Richard|Nakamura, Hikaru": [
                0.318199,
                0.479391,
                0.20241
            ],
            "Nepomniachtchi, Ian|Firouzja, Alireza": [
                0.228158,
                0.483371,
                0.288471
            ],
            "Duda, Jan-Krzysztof|Radjabov, Teimour": [
                0.225849,
                0.487086,
                0.287065
            ],
            "Ding, Liren|Caruana, Fabiano": [
                0.332575,
                0.477871,
                0.189554
            ]
        },
        "5": {
            "Caruana, Fabiano|Rapport, Richard": [
                0.231622,
                0.476254,
                0.292124
            ],
            "Radjabov, Teimour|Ding, Liren": [
                0.242857,
                0.486659,
                0.270484
            ],
            "Firouzja, Alireza|Duda, Jan-Krzysztof": [
                0.333371,
                0.47927,
                0.187359
            ],
            "Nakamura, Hikaru|Nepomniachtchi, Ian": [
                0.271105,
                0.477957,
                0.250938
            ]
        },
        "6": {
            "Radjabov, Teimour|Rapport, Richard": [
                0.271138,
                0.461793,
                0.267069
            ],
            "Firouzja, Alireza|Caruana, Fabiano": [
                0.320693,
                0.468804,
                0.210503
            ],
            "Nakamura, Hikaru|Ding, Liren": [
                0.218136,
                0.469805,
                0.312059
            ],
            "Nepomniachtchi, Ian|Duda, Jan-Krzysztof": [
                0.297075,
                0.467899,
                0.235026
            ]
        },
        "7": {
            "Rapport, Richard|Nepomniachtchi, Ian": [
                0.326538,
                0.45823,
                0.215232
            ],
            "Duda, Jan-Krzysztof|Nakamura, Hikaru": [
                0.271701,
                0.45587,
                0.272429
            ],
            "Ding, Liren|Firouzja, Alireza": [
                0.299187,
                0.457827,
                0.242986
            ],
            "Caruana, Fabiano|Radjabov, Teimour": [
                0.251018,
                0.464128,
                0.284854
            ]
        },
        "8": {
            "Rapport, Richard|Duda, Jan-Krzysztof": [
                0.349779,
                0.446901,
                0.20332
            ],
            "Nepomniachtchi, Ian|Ding, Liren": [
                0.229188,
                0.452115,
                0.318697
            ],
            "Nakamura, Hikaru|Caruana, Fabiano": [
                0.284774,
                0.452954,
                0.262272
            ],
            "Firouzja, Alireza|Radjabov, Teimour": [
                0.300587,
                0.453039,
                0.246374
            ]
        },
        "9": {
            "Firouzja, Alireza|Rapport, Richard": [
                0.291634,
                0.442238,
                0.266128
            ],
            "Radjabov, Teimour|Nakamura, Hikaru": [
                0.328263,
                0.439127,
                0.23261
            ],
            "Caruana, Fabiano|Nepomniachtchi, Ian": [
                0.289923,
                0.441953,
                0.268124
            ],
            "Ding, Liren|Duda, Jan-Krzysztof": [
                0.374895,
                0.429128,
                0.195977
            ]
        },