{
    "metadata": {
        "time_seconds": 21.145861721
    },
    "winner_probs": {
        "Caruana, Fabiano": 0.308817,
        "Nakamura, Hikaru": 0.047586,
        "Firouzja, Alireza": 0.026377,
        "Nepomniachtchi, Ian": 0.221657,
        "Praggnanandhaa R": 0.106735,
        "Gukesh D": 0.265765,
        "Vidit, Santosh Gujrathi": 0.016483,
        "Abasov, Nijat": 0.00658
    },
    "expected_points": {
        "Caruana, Fabiano": 8.167385,
        "Nakamura, Hikaru": 6.594816,
        "Firouzja, Alireza": 6.2923985,
        "Nepomniachtchi, Ian": 7.8328735,
        "Praggnanandhaa R": 7.2743755,
        "Gukesh D": 8.162694,
        "Vidit, Santosh Gujrathi": 6.0350465,
        "Abasov, Nijat": 5.640411
    },
    "rank_matrix": {
        "Caruana, Fabiano": [
            0.308817,
            0.213564,
            0.174168,
            0.124408,
            0.08468,
            0.053383,
            0.029404,
            0.011576
        ],
        "Nakamura, Hikaru": [
            0.047586,
            0.084392,
            0.115495,
            0.147422,
            0.167663,
            0.170805,
            0.155166,
            0.111471
        ],
        "Firouzja, Alireza": [
            0.026377,
            0.049724,
            0.083622,
            0.123006,
            0.15788,
            0.18446,
            0.198914,
            0.176017
        ],
        "Nepomniachtchi, Ian": [
            0.221657,
            0.184167,
            0.183536,
            0.14903,
            0.113315,
            0.079776,
            0.047764,
            0.020755
        ],
        "Praggnanandhaa R": [
            0.106735,
            0.137165,
            0.162502,
            0.170004,
            0.153443,
            0.124443,
            0.091338,
            0.05437
        ],
        "Gukesh D": [
            0.265765,
            0.271996,
            0.177114,
            0.118861,
            0.078564,
            0.049313,
            0.027441,
            0.010945999999999999
        ],
        "Vidit, Santosh Gujrathi": [
            0.016483,
            0.036297,
            0.063311,
            0.098476,
            0.137967,
            0.180685,
            0.216773,
            0.250008
        ],
        "Abasov, Nijat": [
            0.00658,
            0.022695,
            0.040252,
            0.068793,
            0.106488,
            0.157135,
            0.2332,
            0.364857
        ]
    },
    "game_probs": {
        "5": {
            "Praggnanandhaa R|Nepomniachtchi, Ian": [
                0.294657,
                0.494586,
                0.210757
            ],
            "Firouzja, Alireza|Nakamura, Hikaru": [
                0.230267,
                0.517865,
                0.251868
            ],
            "Gukesh D|Abasov, Nijat": [
                0.401064,
                0.462596,
                0.13634
            ],
            "Vidit, Santosh Gujrathi|Caruana, Fabiano": [
                0.166861,
                0.470882,
                0.362257
            ]
        },
        "6": {
            "Nepomniachtchi, Ian|Caruana, Fabiano": [
                0.225531,
                0.469931,
                0.304538
            ],
            "Gukesh D|Nakamura, Hikaru": [
                0.290325,
                0.498892,
                0.210783
            ],
            "Vidit, Santosh Gujrathi|Firouzja, Alireza": [
                0.259382,
                0.455343,
                0.285275
            ],
            "Praggnanandhaa R|Abasov, Nijat": [
                0.393901,
                0.427584,
                0.178515
            ]
        },
        "7": {
            "Firouzja, Alireza|Gukesh D": [
                0.196571,
                0.484959,
                0.31847
            ],
            "Nakamura, Hikaru|Nepomniachtchi, Ian": [
                0.289728,
                0.483596,
                0.226676
            ],
            "Caruana, Fabiano|Praggnanandhaa R": [
                0.307613,
                0.476103,
                0.216284
            ],
            "Abasov, Nijat|Vidit, Santosh Gujrathi": [
                0.248528,
                0.469569,
                0.281903
            ]
        },
        "8": {
            "Praggnanandhaa R|Firouzja, Alireza": [
                0.336759,
                0.438126,
                0.225115
            ],
            "Vidit, Santosh Gujrathi|Gukesh D": [
                0.177286,
                0.426587,
                0.396127
            ],
            "Nakamura, Hikaru|Caruana, Fabiano": [
                0.227555,
                0.46135,
                0.311095
            ],
            "Nepomniachtchi, Ian|Abasov, Nijat": [
                0.395864,
                0.409924,
                0.194212
            ]
        },
        "9": {
            "Vidit, Santosh Gujrathi|Nakamura, Hikaru": [
                0.221983,
                0.441176,
                0.336841
            ],
            "Gukesh D|Praggnanandhaa R": [
                0.287694,
                0.472681,
                0.239625
            ],
            "Firouzja, Alireza|Nepomniachtchi, Ian": [
                0.279487,
                0.482997,
                0.237516
            ],
            "Abasov, Nijat|Caruana, Fabiano": [
                0.165216,
                0.460476,
                0.374308
            ]
        },
        "10": {
            "Praggnanandhaa R|Vidit, Santosh Gujrathi": [
                0.357944,
                0.417948,
                0.224108
            ],
            "Nakamura, Hikaru|Abasov, Nijat": [
                0.38576,
                0.419794,
                0.194446
            ],
            "Nepomniachtchi, Ian|Gukesh D": [
                0.236988,
                0.422303,
                0.340709
            ],
            "Caruana, Fabiano|Firouzja, Alireza": [
                0.38996,
                0.434974,
                0.175066
            ]
        },
        "11": {
            "Praggnanandhaa R|Nakamura, Hikaru": [
                0.287059,
                0.442686,
                0.270255
            ],
            "Vidit, Santosh Gujrathi|Nepomniachtchi, Ian": [
                0.255048,
                0.44602,
                0.298932
            ],
            "Gukesh D|Caruana, Fabiano": [
                0.274245,
                0.459297,
                0.266458
            ],
            "Firouzja, Alireza|Abasov, Nijat": [
                0.352827,
                0.451661,
                0.195512
            ]
        },
        "12": {
            "Nepomniachtchi, Ian|Praggnanandhaa R": [
                0.266544,
                0.431529,
                0.301927
            ],
            "Nakamura, Hikaru|Firouzja, Alireza": [
                0.313774,
                0.454005,
                0.232221
            ],
            "Abasov, Nijat|Gukesh D": [
                0.161418,
                0.45789,
                0.380692
            ],
            "Caruana, Fabiano|Vidit, Santosh Gujrathi": [
                0.398014,
                0.431916,
                0.17007
            ]
        },
        "13": {
            "Nepomniachtchi, Ian|Nakamura, Hikaru": [
                0.279859,
                0.445456,
                0.274685
            ],
            "Praggnanandhaa R|Caruana, Fabiano": [
                0.248419,
                0.439736,
                0.311845
            ],
            "Vidit, Santosh Gujrathi|Abasov, Nijat": [
                0.314651,
                0.443122,
                0.242227
            ],
            "Gukesh D|Firouzja, Alireza": [
                0.353612,
                0.456621,
                0.189767
            ]
        },