{
    "metadata": {
        "time_seconds": 17.382222472
    },
    "winner_probs": {
        "Caruana, Fabiano": 0.214075,
        "Nakamura, Hikaru": 0.074779,
        "Firouzja, Alireza": 0.001367,
        "Nepomniachtchi, Ian": 0.199576,
        "Praggnanandhaa R": 0.129288,
        "Gukesh D": 0.352294,
        "Vidit, Santosh Gujrathi": 0.028371,
        "Abasov, Nijat": 0.00025
    },
    "expected_points": {
        "Caruana, Fabiano": 8.0015645,
        "Nakamura, Hikaru": 7.1740695,
        "Firouzja, Alireza": 5.194011,
        "Nepomniachtchi, Ian": 7.932459,
        "Praggnanandhaa R": 7.651434,
        "Gukesh D": 8.5297125,
        "Vidit, Santosh Gujrathi": 6.7145745,
        "Abasov, Nijat": 4.802175
    },
    "rank_matrix": {
        "Caruana, Fabiano": [
            0.214075,
            0.208934,
            0.195981,
            0.164048,
            0.120688,
            0.071088,
            0.021511,
            0.003675
        ],
        "Nakamura, Hikaru": [
            0.074779,
            0.10963,
            0.147862,
            0.182001,
            0.205397,
            0.181545,
            0.077581,
            0.021205
        ],
        "Firouzja, Alireza": [
            0.001367,
            0.005526,
            0.013203,
            0.029086,
            0.064831,
            0.146906,
            0.393682,
            0.345399
        ],
        "Nepomniachtchi, Ian": [
            0.199576,
            0.192747,
            0.198262,
            0.168751,
            0.130269,
            0.0817,
            0.024438,
            0.004257
        ],
        "Praggnanandhaa R": [
            0.129288,
            0.154878,
            0.178716,
            0.189805,
            0.169632,
            0.122713,
            0.044715,
            0.010253
        ],
        "Gukesh D": [
            0.352294,
            0.270131,
            0.167174,
            0.10665,
            0.063104,
            0.030785,
            0.008702,
            0.00116
        ],
        "Vidit, Santosh Gujrathi": [
            0.028371,
            0.056589,
            0.093663,
            0.145577,
            0.209269,
            0.269402,
            0.142825,
            0.054304
        ],
        "Abasov, Nijat": [
            0.00025,
            0.001565,
            0.005139,
            0.014082,
            0.03681,
            0.095861,
            0.286546,
            0.559747
        ]
    },
    "game_probs": {
        "7": {
            "Firouzja, Alireza|Gukesh D": [
                0.189308,
                0.467802,
                0.34289
            ],
            "Nakamura, Hikaru|Nepomniachtchi, Ian": [
                0.277944,
                0.497616,
                0.22444
            ],
            "Caruana, Fabiano|Praggnanandhaa R": [
                0.307224,
                0.476748,
                0.216028
            ],
            "Abasov, Nijat|Vidit, Santosh Gujrathi": [
                0.248416,
                0.469363,
                0.282221
            ]
        },
        "8": {
            "Praggnanandhaa R|Firouzja, Alireza": [
                0.363546,
                0.427514,
                0.20894
            ],
            "Vidit, Santosh Gujrathi|Gukesh D": [
                0.187053,
                0.43715,
                0.375797
            ],
            "Nakamura, Hikaru|Caruana, Fabiano": [
                0.220865,
                0.485662,
                0.293473
            ],
            "Nepomniachtchi, Ian|Abasov, Nijat": [
                0.42245,
                0.398809,
                0.178741
            ]
        },
        "9": {
            "Vidit, Santosh Gujrathi|Nakamura, Hikaru": [
                0.222793,
                0.443915,
                0.333292
            ],
            "Gukesh D|Praggnanandhaa R": [
                0.293313,
                0.476387,
                0.2303
            ],
            "Firouzja, Alireza|Nepomniachtchi, Ian": [
                0.26449,
                0.48665,
                0.24886
            ],
            "Abasov, Nijat|Caruana, Fabiano": [
                0.159903,
                0.487259,
                0.352838
            ]
        },
        "10": {
            "Praggnanandhaa R|Vidit, Santosh Gujrathi": [
                0.366774,
                0.414585,
                0.218641
            ],
            "Nakamura, Hikaru|Abasov, Nijat": [
                0.416093,
                0.402119,
                0.181788
            ],
            "Nepomniachtchi, Ian|Gukesh D": [
                0.23306,
                0.432283,
                0.334657
            ],
            "Caruana, Fabiano|Firouzja, Alireza": [
                0.40466,
                0.428176,
                0.167164
            ]
        },
        "11": {
            "Praggnanandhaa R|Nakamura, Hikaru": [
                0.283965,
                0.437486,
                0.278549
            ],
            "Vidit, Santosh Gujrathi|Nepomniachtchi, Ian": [
                0.26529,
                0.451262,
                0.283448
            ],
            "Gukesh D|Caruana, Fabiano": [
                0.274168,
                0.480354,
                0.245478
            ],
            "Firouzja, Alireza|Abasov, Nijat": [
                0.366538,
                0.441025,
                0.192437
            ]
        },
        "12": {
            "Nepomniachtchi, Ian|Praggnanandhaa R": [
                0.264056,
                0.436044,
                0.2999
            ],
            "Nakamura, Hikaru|Firouzja, Alireza": [
                0.329223,
                0.447982,
                0.222795
            ],
            "Abasov, Nijat|Gukesh D": [
                0.15913,
                0.461016,
                0.379854
            ],
            "Caruana, Fabiano|Vidit, Santosh Gujrathi": [
                0.399172,
                0.42902,
                0.171808
            ]
        },
        "13": {
            "Nepomniachtchi, Ian|Nakamura, Hikaru": [
                0.265641,
                0.447076,
                0.287283
            ],
            "Praggnanandhaa R|Caruana, Fabiano": [
                0.250199,
                0.458114,
                0.291687
            ],
            "Vidit, Santosh Gujrathi|Abasov, Nijat": [
                0.358275,
                0.424955,
                0.21677
            ],
            "Gukesh D|Firouzja, Alireza": [
                0.379539,
                0.443782,
                0.176679
            ]
        },
        "14": {
            "Nakamura, Hikaru|Gukesh D": [
                0.226816,
                0.446153,
                0.327031
            ],
            "Caruana, Fabiano|Nepomniachtchi, Ian": [
                0.346017,
                0.476698,
                0.177285
            ],
            "Firouzja, Alireza|Vidit, Santosh Gujrathi": [
                0.29396,
                0.465343,
                0.240697
            ],
            "Abasov, Nijat|Praggnanandhaa R": [
                0.178468,
                0.488498,
                0.333034
            ]
        }
    }
}
