{
    "metadata": {
        "time_seconds": 24.937514783
    },
    "winner_probs": {
        "Caruana, Fabiano": 0.255006,
        "Nakamura, Hikaru": 0.155981,
        "Firouzja, Alireza": 0.086639,
        "Nepomniachtchi, Ian": 0.07623,
        "Praggnanandhaa R": 0.149068,
        "Gukesh D": 0.203133,
        "Vidit, Santosh Gujrathi": 0.050608,
        "Abasov, Nijat": 0.023335
    },
    "expected_points": {
        "Caruana, Fabiano": 7.8313545,
        "Nakamura, Hikaru": 7.301918,
        "Firouzja, Alireza": 6.791179,
        "Nepomniachtchi, Ian": 6.6519385,
        "Praggnanandhaa R": 7.343295,
        "Gukesh D": 7.6830875,
        "Vidit, Santosh Gujrathi": 6.439866,
        "Abasov, Nijat": 5.9573615
    },
    "rank_matrix": {
        "Caruana, Fabiano": [
            0.255006,
            0.183598,
            0.153809,
            0.126634,
            0.102549,
            0.081028,
            0.059903,
            0.037473
        ],
        "Nakamura, Hikaru": [
            0.155981,
            0.142316,
            0.146478,
            0.138889,
            0.128137,
            0.115132,
            0.098203,
            0.074864
        ],
        "Firouzja, Alireza": [
            0.086639,
            0.100235,
            0.120238,
            0.132006,
            0.141099,
            0.144724,
            0.143303,
            0.131756
        ],
        "Nepomniachtchi, Ian": [
            0.07623,
            0.091126,
            0.110663,
            0.124891,
            0.137827,
            0.149965,
            0.158837,
            0.150461
        ],
        "Praggnanandhaa R": [
            0.149068,
            0.15747,
            0.148119,
            0.139402,
            0.127176,
            0.113363,
            0.094892,
            0.07051
        ],
        "Gukesh D": [
            0.203133,
            0.194135,
            0.155235,
            0.131213,
            0.110742,
            0.090624,
            0.069294,
            0.045624
        ],
        "Vidit, Santosh Gujrathi": [
            0.050608,
            0.079446,
            0.098154,
            0.117529,
            0.136443,
            0.154884,
            0.173219,
            0.189717
        ],
        "Abasov, Nijat": [
            0.023335,
            0.051674,
            0.067304,
            0.089436,
            0.116027,
            0.15028,
            0.202349,
            0.299595
        ]
    },
    "game_probs": {
        "2": {
            "Praggnanandhaa R|Gukesh D": [
                0.226607,
                0.51934,
                0.254053
            ],
            "Nakamura, Hikaru|Vidit, Santosh Gujrathi": [
                0.31216699999999997,
                0.507713,
                0.18012
            ],
            "Nepomniachtchi, Ian|Firouzja, Alireza": [
                0.252212,
                0.51532,
                0.232468
            ],
            "Caruana, Fabiano|Abasov, Nijat": [
                0.389583,
                0.483555,
                0.126862
            ]
        },
        "3": {
            "Gukesh D|Nepomniachtchi, Ian": [
                0.322088,
                0.510875,
                0.167037
            ],
            "Abasov, Nijat|Nakamura, Hikaru": [
                0.175232,
                0.510711,
                0.314057
            ],
            "Firouzja, Alireza|Caruana, Fabiano": [
                0.188077,
                0.51295,
                0.298973
            ],
            "Vidit, Santosh Gujrathi|Praggnanandhaa R": [
                0.193761,
                0.508311,
                0.297928
            ]
        },
        "4": {
            "Nakamura, Hikaru|Praggnanandhaa R": [
                0.257347,
                0.499502,
                0.243151
            ],
            "Nepomniachtchi, Ian|Vidit, Santosh Gujrathi": [
                0.286326,
                0.494144,
                0.21953
            ],
            "Caruana, Fabiano|Gukesh D": [
                0.264743,
                0.499974,
                0.235283
            ],
            "Abasov, Nijat|Firouzja, Alireza": [
                0.213348,
                0.495079,
                0.291573
            ]
        },
        "5": {
            "Praggnanandhaa R|Nepomniachtchi, Ian": [
                0.311619,
                0.490857,
                0.197524
            ],
            "Firouzja, Alireza|Nakamura, Hikaru": [
                0.235479,
                0.500392,
                0.264129
            ],
            "Gukesh D|Abasov, Nijat": [
                0.391619,
                0.465858,
                0.142523
            ],
            "Vidit, Santosh Gujrathi|Caruana, Fabiano": [
                0.174338,
                0.477648,
                0.348014
            ]
        },
        "6": {
            "Nepomniachtchi, Ian|Caruana, Fabiano": [
                0.201342,
                0.470703,
                0.327955
            ],
            "Gukesh D|Nakamura, Hikaru": [
                0.302992,
                0.479001,
                0.218007
            ],
            "Vidit, Santosh Gujrathi|Firouzja, Alireza": [
                0.251522,
                0.470953,
                0.277525
            ],
            "Praggnanandhaa R|Abasov, Nijat": [
                0.381471,
                0.449497,
                0.169032
            ]
        },
        "7": {
            "Firouzja, Alireza|Gukesh D": [
                0.209716,
                0.476009,
                0.314275
            ],
            "Nakamura, Hikaru|Nepomniachtchi, Ian": [
                0.313335,
                0.469523,
                0.217142
            ],
            "Caruana, Fabiano|Praggnanandhaa R": [
                0.308781,
                0.475394,
                0.215825
            ],
            "Abasov, Nijat|Vidit, Santosh Gujrathi": [
                0.247701,
                0.473904,
                0.278395
            ]
        },
        "8": {
            "Praggnanandhaa R|Firouzja, Alireza": [
                0.328078,
                0.452903,
                0.219019
            ],
            "Vidit, Santosh Gujrathi|Gukesh D": [
                0.193668,
                0.444553,
                0.361779
            ],
            "Nakamura, Hikaru|Caruana, Fabiano": [
                0.243079,
                0.455246,
                0.301675
            ],
            "Nepomniachtchi, Ian|Abasov, Nijat": [
                0.340549,
                0.445347,
                0.214104
            ]
        },
        "9": {
            "Vidit, Santosh Gujrathi|Nakamura, Hikaru": [
                0.228767,
                0.448188,
                0.323045
            ],
            "Gukesh D|Praggnanandhaa R": [
                0.304856,
                0.461763,
                0.233381
            ],
            "Firouzja, Alireza|Nepomniachtchi, Ian": [
                0.291853,
                0.460406,
                0.247741
            ],
            "Abasov, Nijat|Caruana, Fabiano": [
                0.171461,
                0.430306,
                0.398233
            ]
        },
        "10": {
            "Praggnanandhaa R|Vidit, Santosh Gujrathi": [
                0.355448,
                0.443535,
                0.201017
            ],
            "Nakamura, Hikaru|Abasov, Nijat": [
                0.383041,
                0.429793,
                0.187166
            ],
            "Nepomniachtchi, Ian|Gukesh D": [
                0.219542,
                0.43877,
                0.341688
            ],
            "Caruana, Fabiano|Firouzja, Alireza": [
                0.365402,
                0.442305,
                0.192293
            ]
        },