{
    "metadata": {
        "time_seconds": 9.798612078
    },
    "winner_probs": {
        "Caruana, Fabiano": 0.16142,
        "Nakamura, Hikaru": 0.139545,
        "Firouzja, Alireza": 1.2e-05,
        "Nepomniachtchi, Ian": 0.227107,
        "Praggnanandhaa R": 0.111046,
        "Gukesh D": 0.341194,
        "Vidit, Santosh Gujrathi": 0.019676,
        "Abasov, Nijat": 0.0
    },
    "expected_points": {
        "Caruana, Fabiano": 7.6876015,
        "Nakamura, Hikaru": 7.547509,
        "Firouzja, Alireza": 5.4556185,
        "Nepomniachtchi, Ian": 7.8988015,
        "Praggnanandhaa R": 7.59237,
        "Gukesh D": 8.2610175,
        "Vidit, Santosh Gujrathi": 6.9192735,
        "Abasov, Nijat": 4.6378085
    },
    "rank_matrix": {
        "Caruana, Fabiano": [
            0.16142,
            0.129645,
            0.185332,
            0.192873,
            0.173387,
            0.141396,
            0.015567,
            0.00038
        ],
        "Nakamura, Hikaru": [
            0.139545,
            0.131626,
            0.171503,
            0.195499,
            0.193446,
            0.138384,
            0.029212,
            0.000785
        ],
        "Firouzja, Alireza": [
            1.2e-05,
            0.000242,
            0.002396,
            0.00997,
            0.034582,
            0.11408,
            0.626563,
            0.212155
        ],
        "Nepomniachtchi, Ian": [
            0.227107,
            0.227669,
            0.19509,
            0.152732,
            0.111211,
            0.080066,
            0.006069,
            5.6e-05
        ],
        "Praggnanandhaa R": [
            0.111046,
            0.137434,
            0.193043,
            0.203196,
            0.198314,
            0.139422,
            0.016611,
            0.000934
        ],
        "Gukesh D": [
            0.341194,
            0.330816,
            0.160692,
            0.096289,
            0.051089,
            0.01818,
            0.001724,
            1.6e-05
        ],
        "Vidit, Santosh Gujrathi": [
            0.019676,
            0.042568,
            0.091923,
            0.149121,
            0.235209,
            0.349792,
            0.102012,
            0.009699
        ],
        "Abasov, Nijat": [
            0.0,
            0.0,
            2.1e-05,
            0.00032,
            0.002762,
            0.01868,
            0.202242,
            0.775975
        ]
    },
    "game_probs": {
        "11": {
            "Praggnanandhaa R|Nakamura, Hikaru": [
                0.281097,
                0.454592,
                0.264311
            ],
            "Vidit, Santosh Gujrathi|Nepomniachtchi, Ian": [
                0.266789,
                0.449421,
                0.28379
            ],
            "Gukesh D|Caruana, Fabiano": [
                0.284297,
                0.487067,
                0.228636
            ],
            "Firouzja, Alireza|Abasov, Nijat": [
                0.392525,
                0.430038,
                0.177437
            ]
        },
        "12": {
            "Nepomniachtchi, Ian|Praggnanandhaa R": [
                0.241514,
                0.471873,
                0.286613
            ],
            "Nakamura, Hikaru|Firouzja, Alireza": [
                0.367647,
                0.427294,
                0.205059
            ],
            "Abasov, Nijat|Gukesh D": [
                0.16129,
                0.47428,
                0.36443
            ],
            "Caruana, Fabiano|Vidit, Santosh Gujrathi": [
                0.402355,
                0.431487,
                0.166158
            ]
        },
        "13": {
            "Nepomniachtchi, Ian|Nakamura, Hikaru": [
                0.277159,
                0.443468,
                0.279373
            ],
            "Praggnanandhaa R|Caruana, Fabiano": [
                0.253373,
                0.470672,
                0.275955
            ],
            "Vidit, Santosh Gujrathi|Abasov, Nijat": [
                0.374414,
                0.41189,
                0.213696
            ],
            "Gukesh D|Firouzja, Alireza": [
                0.381242,
                0.447752,
                0.171006
            ]
        },
        "14": {
            "Nakamura, Hikaru|Gukesh D": [
                0.258369,
                0.430264,
                0.311367
            ],
            "Caruana, Fabiano|Nepomniachtchi, Ian": [
                0.338307,
                0.495471,
                0.166222
            ],
            "Firouzja, Alireza|Vidit, Santosh Gujrathi": [
                0.292827,
                0.483319,
                0.223854
            ],
            "Abasov, Nijat|Praggnanandhaa R": [
                0.162032,
                0.530499,
                0.307469
            ]
        }
    }
}
