{
    "metadata": {
        "time_seconds": 7.954809054
    },
    "winner_probs": {
        "Caruana, Fabiano": 0.087306,
        "Nakamura, Hikaru": 0.266937,
        "Firouzja, Alireza": 4e-06,
        "Nepomniachtchi, Ian": 0.399951,
        "Praggnanandhaa R": 0.010052,
        "Gukesh D": 0.235535,
        "Vidit, Santosh Gujrathi": 0.000215,
        "Abasov, Nijat": 0.0
    },
    "expected_points": {
        "Caruana, Fabiano": 7.7159505,
        "Nakamura, Hikaru": 8.073956,
        "Firouzja, Alireza": 5.854539,
        "Nepomniachtchi, Ian": 8.3859845,
        "Praggnanandhaa R": 7.0711895,
        "Gukesh D": 8.230687,
        "Vidit, Santosh Gujrathi": 6.419793,
        "Abasov, Nijat": 4.2479005
    },
    "rank_matrix": {
        "Caruana, Fabiano": [
            0.087306,
            0.118944,
            0.249723,
            0.282215,
            0.165701,
            0.08404,
            0.012052,
            1.9e-05
        ],
        "Nakamura, Hikaru": [
            0.266937,
            0.236571,
            0.233461,
            0.194386,
            0.053196,
            0.01337,
            0.002079,
            0.0
        ],
        "Firouzja, Alireza": [
            4e-06,
            0.000269,
            0.004195,
            0.016775,
            0.081368,
            0.215429,
            0.627088,
            0.054872
        ],
        "Nepomniachtchi, Ian": [
            0.399951,
            0.263336,
            0.168965,
            0.124249,
            0.037078,
            0.006402,
            1.9e-05,
            0.0
        ],
        "Praggnanandhaa R": [
            0.010052,
            0.024411,
            0.08748,
            0.183253,
            0.404396,
            0.238601,
            0.049867,
            0.00194
        ],
        "Gukesh D": [
            0.235535,
            0.354289,
            0.240005,
            0.136077,
            0.028084,
            0.005611,
            0.000399,
            0.0
        ],
        "Vidit, Santosh Gujrathi": [
            0.000215,
            0.00218,
            0.016171,
            0.063045,
            0.229339,
            0.431156,
            0.248112,
            0.009782
        ],
        "Abasov, Nijat": [
            0.0,
            0.0,
            0.0,
            0.0,
            0.000838,
            0.005391,
            0.060384,
            0.933387
        ]
    },
    "game_probs": {
        "12": {
            "Nepomniachtchi, Ian|Praggnanandhaa R": [
                0.241012,
                0.474018,
                0.28497
            ],
            "Nakamura, Hikaru|Firouzja, Alireza": [
                0.374052,
                0.424722,
                0.201226
            ],
            "Abasov, Nijat|Gukesh D": [
                0.162277,
                0.473561,
                0.364162
            ],
            "Caruana, Fabiano|Vidit, Santosh Gujrathi": [
                0.395641,
                0.440519,
                0.16384
            ]
        },
        "13": {
            "Nepomniachtchi, Ian|Nakamura, Hikaru": [
                0.268241,
                0.435944,
                0.295815
            ],
            "Praggnanandhaa R|Caruana, Fabiano": [
                0.234772,
                0.486855,
                0.278373
            ],
            "Vidit, Santosh Gujrathi|Abasov, Nijat": [
                0.376575,
                0.407142,
                0.216283
            ],
            "Gukesh D|Firouzja, Alireza": [
                0.375618,
                0.455765,
                0.168617
            ]
        },
        "14": {
            "Nakamura, Hikaru|Gukesh D": [
                0.260479,
                0.426554,
                0.312967
            ],
            "Caruana, Fabiano|Nepomniachtchi, Ian": [
                0.333714,
                0.489071,
                0.177215
            ],
            "Firouzja, Alireza|Vidit, Santosh Gujrathi": [
                0.306506,
                0.475893,
                0.217601
            ],
            "Abasov, Nijat|Praggnanandhaa R": [
                0.162549,
                0.53288,
                0.304571
            ]
        }
    }
}
