{
    "metadata": {
        "time_seconds": 12.251233249
    },
    "winner_probs": {
        "Nakamura, Hikaru": 0.00393,
        "Caruana, Fabiano": 0.168423,
        "Wei, Yi": 0.002694,
        "Giri, Anish": 0.020554,
        "Sindarov, Javokhir": 0.787593,
        "Praggnanandhaa R": 0.011109,
        "Esipenko, Andrey": 0.001039,
        "Bluebaum, Matthias": 0.004658
    },
    "expected_points": {
        "Nakamura, Hikaru": 6.136052,
        "Caruana, Fabiano": 8.368286,
        "Wei, Yi": 6.014,
        "Giri, Anish": 6.8928365,
        "Sindarov, Javokhir": 9.9224285,
        "Praggnanandhaa R": 6.6647335,
        "Esipenko, Andrey": 5.639655,
        "Bluebaum, Matthias": 6.3620085
    },
    "rank_matrix": {
        "Nakamura, Hikaru": [
            0.00393,
            0.034861,
            0.099953,
            0.136107,
            0.161565,
            0.180267,
            0.196304,
            0.187013
        ],
        "Caruana, Fabiano": [
            0.168423,
            0.468641,
            0.179645,
            0.090922,
            0.049509,
            0.026192,
            0.012503,
            0.004165
        ],
        "Wei, Yi": [
            0.002694,
            0.028293,
            0.084475,
            0.122433,
            0.153416,
            0.180594,
            0.20179,
            0.226305
        ],
        "Giri, Anish": [
            0.020554,
            0.127726,
            0.230514,
            0.195634,
            0.158704,
            0.123794,
            0.090291,
            0.052783
        ],
        "Sindarov, Javokhir": [
            0.787593,
            0.165967,
            0.032921,
            0.009533,
            0.002904,
            0.000856,
            0.000202,
            2.4e-05
        ],
        "Praggnanandhaa R": [
            0.011109,
            0.096432,
            0.171227,
            0.185357,
            0.175385,
            0.1546,
            0.123845,
            0.082045
        ],
        "Esipenko, Andrey": [
            0.001039,
            0.016243,
            0.055004,
            0.088936,
            0.124093,
            0.165666,
            0.21985,
            0.329169
        ],
        "Bluebaum, Matthias": [
            0.004658,
            0.061837,
            0.146261,
            0.171078,
            0.174424,
            0.168031,
            0.155215,
            0.118496
        ]
    },
    "game_probs": {
        "7": {
            "Esipenko, Andrey|Wei, Yi": [
                0.237375,
                0.461067,
                0.301558
            ],
            "Sindarov, Javokhir|Giri, Anish": [
                0.346043,
                0.433584,
                0.220373
            ],
            "Bluebaum, Matthias|Nakamura, Hikaru": [
                0.240732,
                0.493726,
                0.265542
            ],
            "Praggnanandhaa R|Caruana, Fabiano": [
                0.231267,
                0.442797,
                0.325936
            ]
        },
        "8": {
            "Esipenko, Andrey|Sindarov, Javokhir": [
                0.193787,
                0.419462,
                0.386751
            ],
            "Wei, Yi|Bluebaum, Matthias": [
                0.284748,
                0.477105,
                0.238147
            ],
            "Giri, Anish|Praggnanandhaa R": [
                0.284981,
                0.514856,
                0.200163
            ],
            "Nakamura, Hikaru|Caruana, Fabiano": [
                0.267861,
                0.462996,
                0.269143
            ]
        },
        "9": {
            "Nakamura, Hikaru|Esipenko, Andrey": [
                0.329458,
                0.470133,
                0.200409
            ],
            "Caruana, Fabiano|Giri, Anish": [
                0.384333,
                0.402546,
                0.213121
            ],
            "Praggnanandhaa R|Wei, Yi": [
                0.261922,
                0.44248,
                0.295598
            ],
            "Bluebaum, Matthias|Sindarov, Javokhir": [
                0.219793,
                0.442891,
                0.337316
            ]
        },
        "10": {
            "Esipenko, Andrey|Bluebaum, Matthias": [
                0.249408,
                0.467914,
                0.282678
            ],
            "Sindarov, Javokhir|Praggnanandhaa R": [
                0.357932,
                0.456929,
                0.185139
            ],
            "Wei, Yi|Caruana, Fabiano": [
                0.248029,
                0.464535,
                0.287436
            ],
            "Giri, Anish|Nakamura, Hikaru": [
                0.2463,
                0.506147,
                0.247553
            ]
        },
        "11": {
            "Giri, Anish|Esipenko, Andrey": [
                0.296312,
                0.504134,
                0.199554
            ],
            "Nakamura, Hikaru|Wei, Yi": [
                0.287263,
                0.481616,
                0.231121
            ],
            "Caruana, Fabiano|Sindarov, Javokhir": [
                0.327465,
                0.397189,
                0.275346
            ],
            "Praggnanandhaa R|Bluebaum, Matthias": [
                0.26476,
                0.462212,
                0.273028
            ]
        },
        "12": {
            "Esipenko, Andrey|Praggnanandhaa R": [
                0.249631,
                0.497726,
                0.252643
            ],
            "Bluebaum, Matthias|Caruana, Fabiano": [
                0.233803,
                0.482671,
                0.283526
            ],
            "Sindarov, Javokhir|Nakamura, Hikaru": [
                0.312791,
                0.456316,
                0.230893
            ],
            "Wei, Yi|Giri, Anish": [
                0.268719,
                0.472648,
                0.258633
            ]
        },
        "13": {
            "Wei, Yi|Esipenko, Andrey": [
                0.297484,
                0.490894,
                0.211622
            ],
            "Giri, Anish|Sindarov, Javokhir": [
                0.23348,
                0.443771,
                0.322749
            ],
            "Nakamura, Hikaru|Bluebaum, Matthias": [
                0.297299,
                0.482679,
                0.220022
            ],
            "Caruana, Fabiano|Praggnanandhaa R": [
                0.382732,
                0.447104,
                0.170164
            ]
        },
        "14": {
            "Esipenko, Andrey|Caruana, Fabiano": [
                0.214111,
                0.456186,
                0.329703
            ],
            "Praggnanandhaa R|Nakamura, Hikaru": [
                0.233033,
                0.467181,
                0.299786
            ],
            "Bluebaum, Matthias|Giri, Anish": [
                0.257353,
                0.483707,
                0.25894
            ],
            "Sindarov, Javokhir|Wei, Yi": [
                0.33497,
                0.446919,
                0.218111
            ]
        }
    }
}
