{
    "metadata": {
        "time_seconds": 11.21224132
    },
    "winner_probs": {
        "Nakamura, Hikaru": 0.002504,
        "Caruana, Fabiano": 0.158835,
        "Wei, Yi": 0.006395,
        "Giri, Anish": 0.014699,
        "Sindarov, Javokhir": 0.805296,
        "Praggnanandhaa R": 0.008658,
        "Esipenko, Andrey": 0.000131,
        "Bluebaum, Matthias": 0.003482
    },
    "expected_points": {
        "Nakamura, Hikaru": 6.112815,
        "Caruana, Fabiano": 8.3269775,
        "Wei, Yi": 6.512834,
        "Giri, Anish": 6.9591275,
        "Sindarov, Javokhir": 9.8604875,
        "Praggnanandhaa R": 6.718495,
        "Esipenko, Andrey": 5.1196435,
        "Bluebaum, Matthias": 6.38962
    },
    "rank_matrix": {
        "Nakamura, Hikaru": [
            0.002504,
            0.028354,
            0.083783,
            0.125473,
            0.163772,
            0.198628,
            0.22948,
            0.168006
        ],
        "Caruana, Fabiano": [
            0.158835,
            0.482387,
            0.185343,
            0.090982,
            0.046955,
            0.023399,
            0.009752,
            0.002347
        ],
        "Wei, Yi": [
            0.006395,
            0.052479,
            0.13073,
            0.164599,
            0.180923,
            0.186727,
            0.173814,
            0.104333
        ],
        "Giri, Anish": [
            0.014699,
            0.13102,
            0.237235,
            0.206033,
            0.166504,
            0.126468,
            0.083704,
            0.034337
        ],
        "Sindarov, Javokhir": [
            0.805296,
            0.158485,
            0.027072,
            0.006787,
            0.001866,
            0.000417,
            7.3e-05,
            4e-06
        ],
        "Praggnanandhaa R": [
            0.008658,
            0.085585,
            0.180364,
            0.195904,
            0.184933,
            0.161061,
            0.123811,
            0.059684
        ],
        "Esipenko, Andrey": [
            0.000131,
            0.004274,
            0.018527,
            0.039245,
            0.068878,
            0.118137,
            0.21343,
            0.537378
        ],
        "Bluebaum, Matthias": [
            0.003482,
            0.057416,
            0.136946,
            0.170977,
            0.186169,
            0.185163,
            0.165936,
            0.093911
        ]
    },
    "game_probs": {
        "8": {
            "Esipenko, Andrey|Sindarov, Javokhir": [
                0.179434,
                0.40674,
                0.413826
            ],
            "Wei, Yi|Bluebaum, Matthias": [
                0.285919,
                0.472807,
                0.241274
            ],
            "Giri, Anish|Praggnanandhaa R": [
                0.285632,
                0.513164,
                0.201204
            ],
            "Nakamura, Hikaru|Caruana, Fabiano": [
                0.263036,
                0.474625,
                0.262339
            ]
        },
        "9": {
            "Nakamura, Hikaru|Esipenko, Andrey": [
                0.326822,
                0.474742,
                0.198436
            ],
            "Caruana, Fabiano|Giri, Anish": [
                0.379831,
                0.409926,
                0.210243
            ],
            "Praggnanandhaa R|Wei, Yi": [
                0.254246,
                0.437951,
                0.307803
            ],
            "Bluebaum, Matthias|Sindarov, Javokhir": [
                0.21751499999999999,
                0.451778,
                0.330707
            ]
        },
        "10": {
            "Esipenko, Andrey|Bluebaum, Matthias": [
                0.240613,
                0.46192,
                0.297467
            ],
            "Sindarov, Javokhir|Praggnanandhaa R": [
                0.350674,
                0.466924,
                0.182402
            ],
            "Wei, Yi|Caruana, Fabiano": [
                0.247343,
                0.468267,
                0.28439
            ],
            "Giri, Anish|Nakamura, Hikaru": [
                0.243121,
                0.515097,
                0.241782
            ]
        },
        "11": {
            "Giri, Anish|Esipenko, Andrey": [
                0.295714,
                0.505327,
                0.198959
            ],
            "Nakamura, Hikaru|Wei, Yi": [
                0.284517,
                0.46797,
                0.247513
            ],
            "Caruana, Fabiano|Sindarov, Javokhir": [
                0.328601,
                0.395661,
                0.275738
            ],
            "Praggnanandhaa R|Bluebaum, Matthias": [
                0.262913,
                0.470388,
                0.266699
            ]
        },
        "12": {
            "Esipenko, Andrey|Praggnanandhaa R": [
                0.243251,
                0.48925,
                0.267499
            ],
            "Bluebaum, Matthias|Caruana, Fabiano": [
                0.226029,
                0.502996,
                0.270975
            ],
            "Sindarov, Javokhir|Nakamura, Hikaru": [
                0.301073,
                0.475983,
                0.222944
            ],
            "Wei, Yi|Giri, Anish": [
                0.262816,
                0.482405,
                0.254779
            ]
        },
        "13": {
            "Wei, Yi|Esipenko, Andrey": [
                0.297157,
                0.491041,
                0.211802
            ],
            "Giri, Anish|Sindarov, Javokhir": [
                0.234196,
                0.44363,
                0.322174
            ],
            "Nakamura, Hikaru|Bluebaum, Matthias": [
                0.297292,
                0.482697,
                0.220011
            ],
            "Caruana, Fabiano|Praggnanandhaa R": [
                0.384579,
                0.446327,
                0.169094
            ]
        },
        "14": {
            "Esipenko, Andrey|Caruana, Fabiano": [
                0.204767,
                0.455743,
                0.33949
            ],
            "Praggnanandhaa R|Nakamura, Hikaru": [
                0.226068,
                0.486134,
                0.287798
            ],
            "Bluebaum, Matthias|Giri, Anish": [
                0.247186,
                0.504292,
                0.248522
            ],
            "Sindarov, Javokhir|Wei, Yi": [
                0.320679,
                0.450517,
                0.228804
            ]
        }
    }
}
