{
    "metadata": {
        "time_seconds": 9.79940766
    },
    "winner_probs": {
        "Nakamura, Hikaru": 0.007423,
        "Caruana, Fabiano": 0.083248,
        "Wei, Yi": 0.005695,
        "Giri, Anish": 0.039705,
        "Sindarov, Javokhir": 0.858443,
        "Praggnanandhaa R": 0.002289,
        "Esipenko, Andrey": 4.1e-05,
        "Bluebaum, Matthias": 0.003156
    },
    "expected_points": {
        "Nakamura, Hikaru": 6.6370005,
        "Caruana, Fabiano": 7.8096125,
        "Wei, Yi": 6.48895,
        "Giri, Anish": 7.4484775,
        "Sindarov, Javokhir": 9.73852,
        "Praggnanandhaa R": 6.2263185,
        "Esipenko, Andrey": 5.2447155,
        "Bluebaum, Matthias": 6.4064055
    },
    "rank_matrix": {
        "Nakamura, Hikaru": [
            0.007423,
            0.072827,
            0.150222,
            0.189888,
            0.187505,
            0.173454,
            0.143594,
            0.075087
        ],
        "Caruana, Fabiano": [
            0.083248,
            0.380078,
            0.237889,
            0.138737,
            0.082586,
            0.047338,
            0.023173,
            0.006951
        ],
        "Wei, Yi": [
            0.005695,
            0.054659,
            0.108049,
            0.15129,
            0.180683,
            0.194537,
            0.188169,
            0.116918
        ],
        "Giri, Anish": [
            0.039705,
            0.281108,
            0.259656,
            0.179207,
            0.118151,
            0.073526,
            0.037805,
            0.010842
        ],
        "Sindarov, Javokhir": [
            0.858443,
            0.105501,
            0.026296,
            0.007288,
            0.001925,
            0.000467,
            7.9e-05,
            1e-06
        ],
        "Praggnanandhaa R": [
            0.002289,
            0.036466,
            0.083017,
            0.134012,
            0.17146,
            0.198809,
            0.222722,
            0.151225
        ],
        "Esipenko, Andrey": [
            4.1e-05,
            0.003817,
            0.014818,
            0.034903000000000003,
            0.066987,
            0.117741,
            0.215045,
            0.546648
        ],
        "Bluebaum, Matthias": [
            0.003156,
            0.065544,
            0.12005300000000001,
            0.164675,
            0.190703,
            0.194128,
            0.169413,
            0.092328
        ]
    },
    "game_probs": {
        "9": {
            "Nakamura, Hikaru|Esipenko, Andrey": [
                0.34877,
                0.454301,
                0.196929
            ],
            "Caruana, Fabiano|Giri, Anish": [
                0.385611,
                0.403988,
                0.210401
            ],
            "Praggnanandhaa R|Wei, Yi": [
                0.253161,
                0.437477,
                0.309362
            ],
            "Bluebaum, Matthias|Sindarov, Javokhir": [
                0.210634,
                0.461297,
                0.328069
            ]
        },
        "10": {
            "Esipenko, Andrey|Bluebaum, Matthias": [
                0.235048,
                0.479795,
                0.285157
            ],
            "Sindarov, Javokhir|Praggnanandhaa R": [
                0.365422,
                0.456487,
                0.178091
            ],
            "Wei, Yi|Caruana, Fabiano": [
                0.256918,
                0.469252,
                0.27383
            ],
            "Giri, Anish|Nakamura, Hikaru": [
                0.264138,
                0.49075,
                0.245112
            ]
        },
        "11": {
            "Giri, Anish|Esipenko, Andrey": [
                0.316093,
                0.486482,
                0.197425
            ],
            "Nakamura, Hikaru|Wei, Yi": [
                0.302929,
                0.4518,
                0.245271
            ],
            "Caruana, Fabiano|Sindarov, Javokhir": [
                0.326004,
                0.405236,
                0.26876
            ],
            "Praggnanandhaa R|Bluebaum, Matthias": [
                0.255873,
                0.483026,
                0.261101
            ]
        },
        "12": {
            "Esipenko, Andrey|Praggnanandhaa R": [
                0.252597,
                0.49423,
                0.253173
            ],
            "Bluebaum, Matthias|Caruana, Fabiano": [
                0.239544,
                0.495735,
                0.264721
            ],
            "Sindarov, Javokhir|Nakamura, Hikaru": [
                0.301912,
                0.4722,
                0.225888
            ],
            "Wei, Yi|Giri, Anish": [
                0.259321,
                0.486636,
                0.254043
            ]
        },
        "13": {
            "Wei, Yi|Esipenko, Andrey": [
                0.29007,
                0.500584,
                0.209346
            ],
            "Giri, Anish|Sindarov, Javokhir": [
                0.247017,
                0.442205,
                0.310778
            ],
            "Nakamura, Hikaru|Bluebaum, Matthias": [
                0.307623,
                0.481158,
                0.211219
            ],
            "Caruana, Fabiano|Praggnanandhaa R": [
                0.398442,
                0.439147,
                0.162411
            ]
        },
        "14": {
            "Esipenko, Andrey|Caruana, Fabiano": [
                0.214405,
                0.462539,
                0.323056
            ],
            "Praggnanandhaa R|Nakamura, Hikaru": [
                0.225695,
                0.485462,
                0.288843
            ],
            "Bluebaum, Matthias|Giri, Anish": [
                0.247039,
                0.502412,
                0.250549
            ],
            "Sindarov, Javokhir|Wei, Yi": [
                0.319866,
                0.450001,
                0.230133
            ]
        }
    }
}
