{
    "metadata": {
        "time_seconds": 15.92127849
    },
    "winner_probs": {
        "Nakamura, Hikaru": 0.091226,
        "Caruana, Fabiano": 0.323551,
        "Wei, Yi": 0.109443,
        "Giri, Anish": 0.048107,
        "Sindarov, Javokhir": 0.236832,
        "Praggnanandhaa R": 0.096553,
        "Esipenko, Andrey": 0.023292,
        "Bluebaum, Matthias": 0.070996
    },
    "expected_points": {
        "Nakamura, Hikaru": 6.8662335,
        "Caruana, Fabiano": 8.1529845,
        "Wei, Yi": 7.067929,
        "Giri, Anish": 6.396277,
        "Sindarov, Javokhir": 7.8324735,
        "Praggnanandhaa R": 6.994732,
        "Esipenko, Andrey": 5.883881,
        "Bluebaum, Matthias": 6.8054895
    },
    "rank_matrix": {
        "Nakamura, Hikaru": [
            0.091226,
            0.10525,
            0.128208,
            0.136349,
            0.140194,
            0.140361,
            0.136807,
            0.121605
        ],
        "Caruana, Fabiano": [
            0.323551,
            0.201651,
            0.148539,
            0.112352,
            0.084289,
            0.062816,
            0.042821,
            0.023981
        ],
        "Wei, Yi": [
            0.109443,
            0.132995,
            0.140929,
            0.141574,
            0.137151,
            0.129664,
            0.116464,
            0.09178
        ],
        "Giri, Anish": [
            0.048107,
            0.079798,
            0.098908,
            0.117656,
            0.137056,
            0.155355,
            0.174998,
            0.188122
        ],
        "Sindarov, Javokhir": [
            0.236832,
            0.190241,
            0.155831,
            0.128425,
            0.105438,
            0.083214,
            0.062671,
            0.037348
        ],
        "Praggnanandhaa R": [
            0.096553,
            0.126484,
            0.134978,
            0.138907,
            0.139187,
            0.136767,
            0.126006,
            0.101118
        ],
        "Esipenko, Andrey": [
            0.023292,
            0.045648,
            0.066045,
            0.088566,
            0.115098,
            0.148479,
            0.199918,
            0.312954
        ],
        "Bluebaum, Matthias": [
            0.070996,
            0.117933,
            0.126562,
            0.136171,
            0.141587,
            0.143344,
            0.140315,
            0.123092
        ]
    },
    "game_probs": {
        "2": {
            "Esipenko, Andrey|Nakamura, Hikaru": [
                0.217336,
                0.487873,
                0.294791
            ],
            "Giri, Anish|Caruana, Fabiano": [
                0.219148,
                0.516533,
                0.264319
            ],
            "Wei, Yi|Praggnanandhaa R": [
                0.300195,
                0.509363,
                0.190442
            ],
            "Sindarov, Javokhir|Bluebaum, Matthias": [
                0.313052,
                0.489817,
                0.197131
            ]
        },
        "3": {
            "Bluebaum, Matthias|Esipenko, Andrey": [
                0.303699,
                0.49079,
                0.205511
            ],
            "Praggnanandhaa R|Sindarov, Javokhir": [
                0.219007,
                0.496696,
                0.284297
            ],
            "Caruana, Fabiano|Wei, Yi": [
                0.313862,
                0.488301,
                0.197837
            ],
            "Nakamura, Hikaru|Giri, Anish": [
                0.314947,
                0.478293,
                0.20676
            ]
        },
        "4": {
            "Esipenko, Andrey|Giri, Anish": [
                0.252225,
                0.469655,
                0.27812
            ],
            "Wei, Yi|Nakamura, Hikaru": [
                0.267334,
                0.471935,
                0.260731
            ],
            "Sindarov, Javokhir|Caruana, Fabiano": [
                0.266064,
                0.480426,
                0.25351
            ],
            "Bluebaum, Matthias|Praggnanandhaa R": [
                0.290509,
                0.495645,
                0.213846
            ]
        },
        "5": {
            "Praggnanandhaa R|Esipenko, Andrey": [
                0.313358,
                0.452152,
                0.23449
            ],
            "Caruana, Fabiano|Bluebaum, Matthias": [
                0.34149,
                0.465718,
                0.192792
            ],
            "Nakamura, Hikaru|Sindarov, Javokhir": [
                0.274088,
                0.488696,
                0.237216
            ],
            "Giri, Anish|Wei, Yi": [
                0.266201,
                0.486891,
                0.246908
            ]
        },
        "6": {
            "Caruana, Fabiano|Esipenko, Andrey": [
                0.405442,
                0.419159,
                0.175399
            ],
            "Nakamura, Hikaru|Praggnanandhaa R": [
                0.3467,
                0.460882,
                0.192418
            ],
            "Giri, Anish|Bluebaum, Matthias": [
                0.292793,
                0.466861,
                0.240346
            ],
            "Wei, Yi|Sindarov, Javokhir": [
                0.260642,
                0.47272,
                0.266638
            ]
        },
        "7": {
            "Esipenko, Andrey|Wei, Yi": [
                0.234629,
                0.467768,
                0.297603
            ],
            "Sindarov, Javokhir|Giri, Anish": [
                0.346018,
                0.431077,
                0.222905
            ],
            "Bluebaum, Matthias|Nakamura, Hikaru": [
                0.259408,
                0.45291,
                0.287682
            ],
            "Praggnanandhaa R|Caruana, Fabiano": [
                0.22187,
                0.453066,
                0.325064
            ]
        },
        "8": {
            "Esipenko, Andrey|Sindarov, Javokhir": [
                0.226529,
                0.451449,
                0.322022
            ],
            "Wei, Yi|Bluebaum, Matthias": [
                0.303995,
                0.451523,
                0.244482
            ],
            "Giri, Anish|Praggnanandhaa R": [
                0.327958,
                0.449611,
                0.222431
            ],
            "Nakamura, Hikaru|Caruana, Fabiano": [
                0.273464,
                0.454633,
                0.271903
            ]
        },
        "9": {
            "Nakamura, Hikaru|Esipenko, Andrey": [
                0.381763,
                0.417004,
                0.201233
            ],
            "Caruana, Fabiano|Giri, Anish": [
                0.37096,
                0.414685,
                0.214355
            ],
            "Praggnanandhaa R|Wei, Yi": [
                0.262906,
                0.439851,
                0.297243
            ],
            "Bluebaum, Matthias|Sindarov, Javokhir": [
                0.253248,
                0.450679,
                0.296073
            ]
        },
        "10": {
            "Esipenko, Andrey|Bluebaum, Matthias": [
                0.262557,
                0.444828,
                0.292615
            ],
            "Sindarov, Javokhir|Praggnanandhaa R": [
                0.373349,
                0.422945,
                0.203706
            ],
            "Wei, Yi|Caruana, Fabiano": [
                0.257087,
                0.443555,
                0.299358
            ],
            "Giri, Anish|Nakamura, Hikaru": [
                0.279985,
                0.440863,
                0.279152
            ]
        },
        "11": {
            "Giri, Anish|Esipenko, Andrey": [
                0.347535,
                0.429547,
                0.222918
            ],