{
    "metadata": {
        "time_seconds": 13.476495027
    },
    "winner_probs": {
        "Ding, Liren": 0.014444,
        "Firouzja, Alireza": 0.00244,
        "Caruana, Fabiano": 0.162784,
        "Nepomniachtchi, Ian": 0.700377,
        "Rapport, Richard": 0.039309,
        "Nakamura, Hikaru": 0.076011,
        "Radjabov, Teimour": 0.00325,
        "Duda, Jan-Krzysztof": 0.001385
    },
    "expected_points": {
        "Ding, Liren": 6.732089,
        "Firouzja, Alireza": 6.0016035,
        "Caruana, Fabiano": 7.9123255,
        "Nepomniachtchi, Ian": 9.0934285,
        "Rapport, Richard": 7.097944,
        "Nakamura, Hikaru": 7.4128965000000004,
        "Radjabov, Teimour": 6.037135,
        "Duda, Jan-Krzysztof": 5.712578
    },
    "rank_matrix": {
        "Ding, Liren": [
            0.014444,
            0.075819,
            0.133917,
            0.190213,
            0.20643,
            0.172587,
            0.129103,
            0.077487
        ],
        "Firouzja, Alireza": [
            0.00244,
            0.021891,
            0.048208,
            0.087469,
            0.1373,
            0.195806,
            0.242024,
            0.264862
        ],
        "Caruana, Fabiano": [
            0.162784,
            0.338546,
            0.226866,
            0.135862,
            0.076169,
            0.038301,
            0.016745,
            0.004727
        ],
        "Nepomniachtchi, Ian": [
            0.700377,
            0.179619,
            0.076505,
            0.029696,
            0.010007,
            0.002959,
            0.000714,
            0.000123
        ],
        "Rapport, Richard": [
            0.039309,
            0.138039,
            0.174339,
            0.20036,
            0.179547,
            0.133226,
            0.090756,
            0.044424
        ],
        "Nakamura, Hikaru": [
            0.076011,
            0.2069,
            0.253839,
            0.194715,
            0.130112,
            0.079079,
            0.042872,
            0.016472
        ],
        "Radjabov, Teimour": [
            0.00325,
            0.028599,
            0.057646,
            0.101328,
            0.151291,
            0.203653,
            0.232292,
            0.221941
        ],
        "Duda, Jan-Krzysztof": [
            0.001385,
            0.010587,
            0.02868,
            0.060357,
            0.109144,
            0.174389,
            0.245494,
            0.369964
        ]
    },
    "game_probs": {
        "9": {
            "Firouzja, Alireza|Rapport, Richard": [
                0.241807,
                0.499147,
                0.259046
            ],
            "Radjabov, Teimour|Nakamura, Hikaru": [
                0.302315,
                0.496617,
                0.201068
            ],
            "Caruana, Fabiano|Nepomniachtchi, Ian": [
                0.276868,
                0.451672,
                0.27146
            ],
            "Ding, Liren|Duda, Jan-Krzysztof": [
                0.363052,
                0.449233,
                0.187715
            ]
        },
        "10": {
            "Rapport, Richard|Ding, Liren": [
                0.255239,
                0.477805,
                0.266956
            ],
            "Duda, Jan-Krzysztof|Caruana, Fabiano": [
                0.251487,
                0.48633,
                0.262183
            ],
            "Nepomniachtchi, Ian|Radjabov, Teimour": [
                0.306682,
                0.450298,
                0.24302
            ],
            "Nakamura, Hikaru|Firouzja, Alireza": [
                0.270819,
                0.467108,
                0.262073
            ]
        },
        "11": {
            "Nakamura, Hikaru|Rapport, Richard": [
                0.262129,
                0.466525,
                0.271346
            ],
            "Firouzja, Alireza|Nepomniachtchi, Ian": [
                0.272738,
                0.46673,
                0.260532
            ],
            "Radjabov, Teimour|Duda, Jan-Krzysztof": [
                0.324305,
                0.491269,
                0.184426
            ],
            "Caruana, Fabiano|Ding, Liren": [
                0.241306,
                0.476955,
                0.281739
            ]
        },
        "12": {
            "Rapport, Richard|Caruana, Fabiano": [
                0.325252,
                0.440258,
                0.23449
            ],
            "Ding, Liren|Radjabov, Teimour": [
                0.304876,
                0.479761,
                0.215363
            ],
            "Duda, Jan-Krzysztof|Firouzja, Alireza": [
                0.205637,
                0.53093,
                0.263433
            ],
            "Nepomniachtchi, Ian|Nakamura, Hikaru": [
                0.318869,
                0.455671,
                0.22546
            ]
        },
        "13": {
            "Nepomniachtchi, Ian|Rapport, Richard": [
                0.256146,
                0.477873,
                0.265981
            ],
            "Nakamura, Hikaru|Duda, Jan-Krzysztof": [
                0.339121,
                0.455659,
                0.20522
            ],
            "Firouzja, Alireza|Ding, Liren": [
                0.221773,
                0.522257,
                0.25597
            ],
            "Radjabov, Teimour|Caruana, Fabiano": [
                0.287848,
                0.491175,
                0.220977
            ]
        },
        "14": {
            "Rapport, Richard|Radjabov, Teimour": [
                0.308026,
                0.4645,
                0.227474
            ],
            "Caruana, Fabiano|Firouzja, Alireza": [
                0.262719,
                0.481175,
                0.256106
            ],
            "Ding, Liren|Nakamura, Hikaru": [
                0.30872,
                0.495541,
                0.195739
            ],
            "Duda, Jan-Krzysztof|Nepomniachtchi, Ian": [
                0.226678,
                0.489409,
                0.283913
            ]
        }
    }
}
