{
    "metadata": {
        "time_seconds": 23.441987869
    },
    "winner_probs": {
        "Nakamura, Hikaru": 0.09881,
        "Caruana, Fabiano": 0.334552,
        "Wei, Yi": 0.101687,
        "Giri, Anish": 0.041743,
        "Sindarov, Javokhir": 0.206466,
        "Praggnanandhaa R": 0.10123,
        "Esipenko, Andrey": 0.02311,
        "Bluebaum, Matthias": 0.092402
    },
    "expected_points": {
        "Nakamura, Hikaru": 6.9320385,
        "Caruana, Fabiano": 8.40119,
        "Wei, Yi": 6.989261,
        "Giri, Anish": 6.211049,
        "Sindarov, Javokhir": 7.7817145,
        "Praggnanandhaa R": 7.018372,
        "Esipenko, Andrey": 5.6578185,
        "Bluebaum, Matthias": 7.0085565
    },
    "rank_matrix": {
        "Nakamura, Hikaru": [
            0.09881,
            0.11918,
            0.132573,
            0.13585,
            0.137349,
            0.135269,
            0.130507,
            0.110462
        ],
        "Caruana, Fabiano": [
            0.334552,
            0.201623,
            0.147255,
            0.110212,
            0.082715,
            0.061008,
            0.040941,
            0.021694
        ],
        "Wei, Yi": [
            0.101687,
            0.124302,
            0.135071,
            0.139512,
            0.139155,
            0.134158,
            0.12359,
            0.102525
        ],
        "Giri, Anish": [
            0.041743,
            0.072849,
            0.094824,
            0.115786,
            0.135364,
            0.156703,
            0.180576,
            0.202155
        ],
        "Sindarov, Javokhir": [
            0.206466,
            0.175402,
            0.153589,
            0.133752,
            0.11476,
            0.095101,
            0.074497,
            0.046433
        ],
        "Praggnanandhaa R": [
            0.10123,
            0.12648,
            0.13415,
            0.139248,
            0.139638,
            0.136389,
            0.124964,
            0.097901
        ],
        "Esipenko, Andrey": [
            0.02311,
            0.044514,
            0.064562,
            0.086186,
            0.112747,
            0.147932,
            0.202319,
            0.31863
        ],
        "Bluebaum, Matthias": [
            0.092402,
            0.13565,
            0.137976,
            0.139454,
            0.138272,
            0.13344,
            0.122606,
            0.1002
        ]
    },
    "game_probs": {
        "3": {
            "Bluebaum, Matthias|Esipenko, Andrey": [
                0.486846,
                0.310297,
                0.202857
            ],
            "Praggnanandhaa R|Sindarov, Javokhir": [
                0.368996,
                0.328651,
                0.302353
            ],
            "Caruana, Fabiano|Wei, Yi": [
                0.492279,
                0.307875,
                0.199846
            ],
            "Nakamura, Hikaru|Giri, Anish": [
                0.506404,
                0.294808,
                0.198788
            ]
        },
        "4": {
            "Esipenko, Andrey|Giri, Anish": [
                0.409062,
                0.304435,
                0.286503
            ],
            "Wei, Yi|Nakamura, Hikaru": [
                0.404414,
                0.326615,
                0.268971
            ],
            "Sindarov, Javokhir|Caruana, Fabiano": [
                0.398918,
                0.335597,
                0.265485
            ],
            "Bluebaum, Matthias|Praggnanandhaa R": [
                0.43621,
                0.336495,
                0.227295
            ]
        },
        "5": {
            "Praggnanandhaa R|Esipenko, Andrey": [
                0.501041,
                0.259149,
                0.23981
            ],
            "Caruana, Fabiano|Bluebaum, Matthias": [
                0.497939,
                0.296051,
                0.20601
            ],
            "Nakamura, Hikaru|Sindarov, Javokhir": [
                0.421472,
                0.307254,
                0.271274
            ],
            "Giri, Anish|Wei, Yi": [
                0.391798,
                0.332648,
                0.275554
            ]
        },
        "6": {
            "Caruana, Fabiano|Esipenko, Andrey": [
                0.612997,
                0.216351,
                0.170652
            ],
            "Nakamura, Hikaru|Praggnanandhaa R": [
                0.504354,
                0.283599,
                0.212047
            ],
            "Giri, Anish|Bluebaum, Matthias": [
                0.405759,
                0.316498,
                0.277743
            ],
            "Wei, Yi|Sindarov, Javokhir": [
                0.389325,
                0.3008,
                0.309875
            ]
        },
        "7": {
            "Esipenko, Andrey|Wei, Yi": [
                0.35706,
                0.302769,
                0.340171
            ],
            "Sindarov, Javokhir|Giri, Anish": [
                0.53751,
                0.244131,
                0.218359
            ],
            "Bluebaum, Matthias|Nakamura, Hikaru": [
                0.41684,
                0.282566,
                0.300594
            ],
            "Praggnanandhaa R|Caruana, Fabiano": [
                0.355351,
                0.284483,
                0.360166
            ]
        },
        "8": {
            "Esipenko, Andrey|Sindarov, Javokhir": [
                0.352313,
                0.275496,
                0.372191
            ],
            "Wei, Yi|Bluebaum, Matthias": [
                0.420655,
                0.288263,
                0.291082
            ],
            "Giri, Anish|Praggnanandhaa R": [
                0.472179,
                0.28149,
                0.246331
            ],
            "Nakamura, Hikaru|Caruana, Fabiano": [
                0.414678,
                0.273756,
                0.311566
            ]
        },
        "9": {
            "Nakamura, Hikaru|Esipenko, Andrey": [
                0.567041,
                0.216566,
                0.216393
            ],
            "Caruana, Fabiano|Giri, Anish": [
                0.58275,
                0.210811,
                0.206439
            ],
            "Praggnanandhaa R|Wei, Yi": [
                0.414865,
                0.249291,
                0.335844
            ],
            "Bluebaum, Matthias|Sindarov, Javokhir": [
                0.4023,
                0.25502,
                0.34268
            ]
        },
        "10": {
            "Esipenko, Andrey|Bluebaum, Matthias": [
                0.378812,
                0.274097,
                0.347091
            ],
            "Sindarov, Javokhir|Praggnanandhaa R": [
                0.537398,
                0.245378,
                0.217224
            ],
            "Wei, Yi|Caruana, Fabiano": [
                0.380817,
                0.272052,
                0.347131
            ],
            "Giri, Anish|Nakamura, Hikaru": [
                0.431391,
                0.268668,
                0.299941
            ]
        },
        "11": {
            "Giri, Anish|Esipenko, Andrey": [
                0.524382,
                0.232253,
                0.243365
            ],
            "Nakamura, Hikaru|Wei, Yi": [
                0.469011,
                0.23999,
                0.290999
            ],
            "Caruana, Fabiano|Sindarov, Javokhir": [
                0.512101,
                0.217062,
                0.270837
            ],
            "Praggnanandhaa R|Bluebaum, Matthias": [
                0.424013,
                0.241458,
                0.334529
            ]
        },
        "12": {
            "Esipenko, Andrey|Praggnanandhaa R": [
                0.431703,
                0.264322,
                0.303975
            ],