{
    "metadata": {
        "time_seconds": 21.561574892
    },
    "winner_probs": {
        "Nakamura, Hikaru": 0.06168,
        "Caruana, Fabiano": 0.255925,
        "Wei, Yi": 0.036894,
        "Giri, Anish": 0.071287,
        "Sindarov, Javokhir": 0.484376,
        "Praggnanandhaa R": 0.037887,
        "Esipenko, Andrey": 0.005822,
        "Bluebaum, Matthias": 0.046129
    },
    "expected_points": {
        "Nakamura, Hikaru": 6.798725,
        "Caruana, Fabiano": 8.308967,
        "Wei, Yi": 6.407307,
        "Giri, Anish": 7.0012645,
        "Sindarov, Javokhir": 9.117569,
        "Praggnanandhaa R": 6.521037,
        "Esipenko, Andrey": 5.1446475,
        "Bluebaum, Matthias": 6.700483
    },
    "rank_matrix": {
        "Nakamura, Hikaru": [
            0.06168,
            0.104264,
            0.142236,
            0.156423,
            0.15666,
            0.149864,
            0.136855,
            0.092018
        ],
        "Caruana, Fabiano": [
            0.255925,
            0.257424,
            0.175213,
            0.121511,
            0.083421,
            0.056106,
            0.034294,
            0.016106
        ],
        "Wei, Yi": [
            0.036894,
            0.073918,
            0.111391,
            0.137697,
            0.15696,
            0.168931,
            0.170634,
            0.143575
        ],
        "Giri, Anish": [
            0.071287,
            0.12332,
            0.156555,
            0.159481,
            0.152023,
            0.140117,
            0.121379,
            0.075838
        ],
        "Sindarov, Javokhir": [
            0.484376,
            0.227046,
            0.124266,
            0.074968,
            0.045623,
            0.026523,
            0.013278,
            0.00392
        ],
        "Praggnanandhaa R": [
            0.037887,
            0.080505,
            0.116544,
            0.141187,
            0.158418,
            0.167812,
            0.165613,
            0.132034
        ],
        "Esipenko, Andrey": [
            0.005822,
            0.019395,
            0.037128,
            0.06018,
            0.091511,
            0.135079,
            0.21096,
            0.439925
        ],
        "Bluebaum, Matthias": [
            0.046129,
            0.114128,
            0.136667,
            0.148553,
            0.155384,
            0.155568,
            0.146987,
            0.096584
        ]
    },
    "game_probs": {
        "5": {
            "Praggnanandhaa R|Esipenko, Andrey": [
                0.462765,
                0.269481,
                0.267754
            ],
            "Caruana, Fabiano|Bluebaum, Matthias": [
                0.534245,
                0.278404,
                0.187351
            ],
            "Nakamura, Hikaru|Sindarov, Javokhir": [
                0.344515,
                0.327747,
                0.327738
            ],
            "Giri, Anish|Wei, Yi": [
                0.422084,
                0.319591,
                0.258325
            ]
        },
        "6": {
            "Caruana, Fabiano|Esipenko, Andrey": [
                0.623844,
                0.217067,
                0.159089
            ],
            "Nakamura, Hikaru|Praggnanandhaa R": [
                0.464415,
                0.326366,
                0.209219
            ],
            "Giri, Anish|Bluebaum, Matthias": [
                0.400038,
                0.317406,
                0.282556
            ],
            "Wei, Yi|Sindarov, Javokhir": [
                0.3403,
                0.314212,
                0.345488
            ]
        },
        "7": {
            "Esipenko, Andrey|Wei, Yi": [
                0.355358,
                0.285175,
                0.359467
            ],
            "Sindarov, Javokhir|Giri, Anish": [
                0.521419,
                0.252731,
                0.22585
            ],
            "Bluebaum, Matthias|Nakamura, Hikaru": [
                0.365335,
                0.339916,
                0.294749
            ],
            "Praggnanandhaa R|Caruana, Fabiano": [
                0.362049,
                0.267145,
                0.370806
            ]
        },
        "8": {
            "Esipenko, Andrey|Sindarov, Javokhir": [
                0.285722,
                0.259432,
                0.454846
            ],
            "Wei, Yi|Bluebaum, Matthias": [
                0.405544,
                0.305624,
                0.288832
            ],
            "Giri, Anish|Praggnanandhaa R": [
                0.452606,
                0.300134,
                0.24726
            ],
            "Nakamura, Hikaru|Caruana, Fabiano": [
                0.429139,
                0.279977,
                0.290884
            ]
        },
        "9": {
            "Nakamura, Hikaru|Esipenko, Andrey": [
                0.530733,
                0.245692,
                0.223575
            ],
            "Caruana, Fabiano|Giri, Anish": [
                0.567234,
                0.214085,
                0.218681
            ],
            "Praggnanandhaa R|Wei, Yi": [
                0.416777,
                0.237822,
                0.345401
            ],
            "Bluebaum, Matthias|Sindarov, Javokhir": [
                0.333659,
                0.280229,
                0.386112
            ]
        },
        "10": {
            "Esipenko, Andrey|Bluebaum, Matthias": [
                0.344606,
                0.269334,
                0.38606
            ],
            "Sindarov, Javokhir|Praggnanandhaa R": [
                0.553666,
                0.249064,
                0.19727
            ],
            "Wei, Yi|Caruana, Fabiano": [
                0.40218,
                0.279198,
                0.318622
            ],
            "Giri, Anish|Nakamura, Hikaru": [
                0.418134,
                0.282473,
                0.299393
            ]
        },
        "11": {
            "Giri, Anish|Esipenko, Andrey": [
                0.502901,
                0.245963,
                0.251136
            ],
            "Nakamura, Hikaru|Wei, Yi": [
                0.480527,
                0.247673,
                0.2718
            ],
            "Caruana, Fabiano|Sindarov, Javokhir": [
                0.506641,
                0.210846,
                0.282513
            ],
            "Praggnanandhaa R|Bluebaum, Matthias": [
                0.392579,
                0.241887,
                0.365534
            ]
        },
        "12": {
            "Esipenko, Andrey|Praggnanandhaa R": [
                0.384854,
                0.278277,
                0.336869
            ],
            "Bluebaum, Matthias|Caruana, Fabiano": [
                0.375901,
                0.28389,
                0.340209
            ],
            "Sindarov, Javokhir|Nakamura, Hikaru": [
                0.514751,
                0.245104,
                0.240145
            ],
            "Wei, Yi|Giri, Anish": [
                0.426794,
                0.268529,
                0.304677
            ]
        },
        "13": {
            "Wei, Yi|Esipenko, Andrey": [
                0.496747,
                0.254149,
                0.249104
            ],
            "Giri, Anish|Sindarov, Javokhir": [
                0.37623,
                0.235308,
                0.388462
            ],
            "Nakamura, Hikaru|Bluebaum, Matthias": [
                0.45437,
                0.253533,
                0.292097
            ],
            "Caruana, Fabiano|Praggnanandhaa R": [
                0.594034,
                0.216613,
                0.189353
            ]
        },
        "14": {
            "Esipenko, Andrey|Caruana, Fabiano": [
                0.337285,
                0.247759,
                0.414956
            ],