{
    "metadata": {
        "time_seconds": 15.659904931
    },
    "winner_probs": {
        "Nakamura, Hikaru": 0.087521,
        "Caruana, Fabiano": 0.333307,
        "Wei, Yi": 0.100953,
        "Giri, Anish": 0.045955,
        "Sindarov, Javokhir": 0.228527,
        "Praggnanandhaa R": 0.10603,
        "Esipenko, Andrey": 0.022899,
        "Bluebaum, Matthias": 0.074808
    },
    "expected_points": {
        "Nakamura, Hikaru": 6.8213895,
        "Caruana, Fabiano": 8.120476,
        "Wei, Yi": 6.9970755,
        "Giri, Anish": 6.4178035,
        "Sindarov, Javokhir": 7.7549215,
        "Praggnanandhaa R": 7.0733175,
        "Esipenko, Andrey": 5.9343405,
        "Bluebaum, Matthias": 6.880676
    },
    "rank_matrix": {
        "Nakamura, Hikaru": [
            0.087521,
            0.102058,
            0.123631,
            0.133611,
            0.139576,
            0.14317,
            0.143432,
            0.127001
        ],
        "Caruana, Fabiano": [
            0.333307,
            0.199137,
            0.146994,
            0.111348,
            0.083609,
            0.061343,
            0.041469,
            0.022793
        ],
        "Wei, Yi": [
            0.100953,
            0.12644,
            0.137016,
            0.140486,
            0.139609,
            0.133982,
            0.121954,
            0.09956
        ],
        "Giri, Anish": [
            0.045955,
            0.078837,
            0.099506,
            0.118237,
            0.136076,
            0.154809,
            0.174781,
            0.191799
        ],
        "Sindarov, Javokhir": [
            0.228527,
            0.18784,
            0.156027,
            0.129594,
            0.107637,
            0.086178,
            0.064788,
            0.039409
        ],
        "Praggnanandhaa R": [
            0.10603,
            0.134066,
            0.139344,
            0.140196,
            0.137958,
            0.131435,
            0.118742,
            0.092229
        ],
        "Esipenko, Andrey": [
            0.022899,
            0.046004,
            0.065267,
            0.08763,
            0.114117,
            0.148618,
            0.20204,
            0.313425
        ],
        "Bluebaum, Matthias": [
            0.074808,
            0.125618,
            0.132215,
            0.138898,
            0.141418,
            0.140465,
            0.132794,
            0.113784
        ]
    },
    "game_probs": {
        "3": {
            "Bluebaum, Matthias|Esipenko, Andrey": [
                0.30492,
                0.491778,
                0.203302
            ],
            "Praggnanandhaa R|Sindarov, Javokhir": [
                0.220439,
                0.498782,
                0.280779
            ],
            "Caruana, Fabiano|Wei, Yi": [
                0.314823,
                0.48906,
                0.196117
            ],
            "Nakamura, Hikaru|Giri, Anish": [
                0.316221,
                0.479275,
                0.204504
            ]
        },
        "4": {
            "Esipenko, Andrey|Giri, Anish": [
                0.247884,
                0.481833,
                0.270283
            ],
            "Wei, Yi|Nakamura, Hikaru": [
                0.254813,
                0.496324,
                0.248863
            ],
            "Sindarov, Javokhir|Caruana, Fabiano": [
                0.252751,
                0.504646,
                0.242603
            ],
            "Bluebaum, Matthias|Praggnanandhaa R": [
                0.281277,
                0.5088,
                0.209923
            ]
        },
        "5": {
            "Praggnanandhaa R|Esipenko, Andrey": [
                0.312699,
                0.453499,
                0.233802
            ],
            "Caruana, Fabiano|Bluebaum, Matthias": [
                0.332057,
                0.479373,
                0.18857
            ],
            "Nakamura, Hikaru|Sindarov, Javokhir": [
                0.273597,
                0.489325,
                0.237078
            ],
            "Giri, Anish|Wei, Yi": [
                0.259528,
                0.500317,
                0.240155
            ]
        },
        "6": {
            "Caruana, Fabiano|Esipenko, Andrey": [
                0.405239,
                0.420347,
                0.174414
            ],
            "Nakamura, Hikaru|Praggnanandhaa R": [
                0.337479,
                0.473405,
                0.189116
            ],
            "Giri, Anish|Bluebaum, Matthias": [
                0.278032,
                0.490848,
                0.23112
            ],
            "Wei, Yi|Sindarov, Javokhir": [
                0.252208,
                0.484549,
                0.263243
            ]
        },
        "7": {
            "Esipenko, Andrey|Wei, Yi": [
                0.230897,
                0.480401,
                0.288702
            ],
            "Sindarov, Javokhir|Giri, Anish": [
                0.338425,
                0.441847,
                0.219728
            ],
            "Bluebaum, Matthias|Nakamura, Hikaru": [
                0.25428,
                0.465183,
                0.280537
            ],
            "Praggnanandhaa R|Caruana, Fabiano": [
                0.218394,
                0.464344,
                0.317262
            ]
        },
        "8": {
            "Esipenko, Andrey|Sindarov, Javokhir": [
                0.223811,
                0.462209,
                0.31398
            ],
            "Wei, Yi|Bluebaum, Matthias": [
                0.286632,
                0.474918,
                0.23845
            ],
            "Giri, Anish|Praggnanandhaa R": [
                0.314454,
                0.470598,
                0.214948
            ],
            "Nakamura, Hikaru|Caruana, Fabiano": [
                0.268799,
                0.464671,
                0.26653
            ]
        },
        "9": {
            "Nakamura, Hikaru|Esipenko, Andrey": [
                0.380713,
                0.417412,
                0.201875
            ],
            "Caruana, Fabiano|Giri, Anish": [
                0.370474,
                0.415001,
                0.214525
            ],
            "Praggnanandhaa R|Wei, Yi": [
                0.262669,
                0.44086,
                0.296471
            ],
            "Bluebaum, Matthias|Sindarov, Javokhir": [
                0.253672,
                0.450895,
                0.295433
            ]
        },
        "10": {
            "Esipenko, Andrey|Bluebaum, Matthias": [
                0.253313,
                0.464264,
                0.282423
            ],
            "Sindarov, Javokhir|Praggnanandhaa R": [
                0.356538,
                0.443042,
                0.20042
            ],
            "Wei, Yi|Caruana, Fabiano": [
                0.248161,
                0.461682,
                0.290157
            ],
            "Giri, Anish|Nakamura, Hikaru": [
                0.272094,
                0.459137,
                0.268769
            ]
        },
        "11": {
            "Giri, Anish|Esipenko, Andrey": [
                0.344402,
                0.436122,
                0.219476
            ],
            "Nakamura, Hikaru|Wei, Yi": [
                0.312121,
                0.443591,
                0.244288
            ],
            "Caruana, Fabiano|Sindarov, Javokhir": [
                0.332106,
                0.422032,
                0.245862
            ],
            "Praggnanandhaa R|Bluebaum, Matthias": [
                0.277748,
                0.440203,
                0.282049
            ]
        },
        "12": {
            "Esipenko, Andrey|Praggnanandhaa R": [
                0.275557,
                0.470984,
                0.253459
            ],