{
    "expected_points": {
        "Bluebaum, Matthias": 6.099445,
        "Caruana, Fabiano": 8.68845,
        "Esipenko, Andrey": 5.28143,
        "Giri, Anish": 6.76882,
        "Nakamura, Hikaru": 6.183795,
        "Praggnanandhaa R": 6.86252,
        "Sindarov, Javokhir": 9.84137,
        "Wei, Yi": 6.27417
    },
    "game_probs": {
        "10": {
            "Esipenko, Andrey|Bluebaum, Matthias": [
                0.30715,
                0.41355,
                0.2793
            ],
            "Giri, Anish|Nakamura, Hikaru": [
                0.26749,
                0.4647,
                0.26781
            ],
            "Sindarov, Javokhir|Praggnanandhaa R": [
                0.41055,
                0.37541,
                0.21404
            ],
            "Wei, Yi|Caruana, Fabiano": [
                0.29448,
                0.4022,
                0.30332
            ]
        },
        "11": {
            "Caruana, Fabiano|Sindarov, Javokhir": [
                0.39978,
                0.29409,
                0.30613
            ],
            "Giri, Anish|Esipenko, Andrey": [
                0.34473,
                0.43737,
                0.2179
            ],
            "Nakamura, Hikaru|Wei, Yi": [
                0.33406,
                0.42368,
                0.24226
            ],
            "Praggnanandhaa R|Bluebaum, Matthias": [
                0.35885,
                0.40438,
                0.23677
            ]
        },
        "12": {
            "Bluebaum, Matthias|Caruana, Fabiano": [
                0.24796,
                0.42325,
                0.32879
            ],
            "Esipenko, Andrey|Praggnanandhaa R": [
                0.25697,
                0.4383,
                0.30473
            ],
            "Sindarov, Javokhir|Nakamura, Hikaru": [
                0.38547,
                0.38018,
                0.23435
            ],
            "Wei, Yi|Giri, Anish": [
                0.30145,
                0.43234,
                0.26621
            ]
        },
        "13": {
            "Caruana, Fabiano|Praggnanandhaa R": [
                0.45099,
                0.35572,
                0.19329
            ],
            "Giri, Anish|Sindarov, Javokhir": [
                0.24852,
                0.36675,
                0.38473
            ],
            "Nakamura, Hikaru|Bluebaum, Matthias": [
                0.36522,
                0.41953,
                0.21525
            ],
            "Wei, Yi|Esipenko, Andrey": [
                0.34002,
                0.44888,
                0.2111
            ]
        },
        "14": {
            "Bluebaum, Matthias|Giri, Anish": [
                0.26204,
                0.44557,
                0.29239
            ],
            "Esipenko, Andrey|Caruana, Fabiano": [
                0.25209,
                0.38508,
                0.36283
            ],
            "Praggnanandhaa R|Nakamura, Hikaru": [
                0.29062,
                0.41963,
                0.28975
            ],
            "Sindarov, Javokhir|Wei, Yi": [
                0.41411,
                0.37805,
                0.20784
            ]
        },
        "6": {
            "Caruana, Fabiano|Esipenko, Andrey": [
                0.65262,
                0.26255,
                0.08483
            ],
            "Giri, Anish|Bluebaum, Matthias": [
                0.24787,
                0.49389,
                0.25824
            ],
            "Nakamura, Hikaru|Praggnanandhaa R": [
                0.26102,
                0.47447,
                0.26451
            ],
            "Wei, Yi|Sindarov, Javokhir": [
                0.11314,
                0.35293,
                0.53393
            ]
        },
        "7": {
            "Bluebaum, Matthias|Nakamura, Hikaru": [
                0.21375,
                0.50233,
                0.28392
            ],
            "Esipenko, Andrey|Wei, Yi": [
                0.26208,
                0.4309,
                0.30702
            ],
            "Praggnanandhaa R|Caruana, Fabiano": [
                0.30703,
                0.37242,
                0.32055
            ],
            "Sindarov, Javokhir|Giri, Anish": [
                0.42521,
                0.34994,
                0.22485
            ]
        },
        "8": {
            "Esipenko, Andrey|Sindarov, Javokhir": [
                0.2035,
                0.33428,
                0.46222
            ],
            "Giri, Anish|Praggnanandhaa R": [
                0.27655,
                0.48521,
                0.23824
            ],
            "Nakamura, Hikaru|Caruana, Fabiano": [
                0.32682,
                0.37788,
                0.2953
            ],
            "Wei, Yi|Bluebaum, Matthias": [
                0.33561,
                0.4526,
                0.21179
            ]
        },
        "9": {
            "Bluebaum, Matthias|Sindarov, Javokhir": [
                0.20744,
                0.37871,
                0.41385
            ],
            "Caruana, Fabiano|Giri, Anish": [
                0.48892,
                0.29751,
                0.21357
            ],
            "Nakamura, Hikaru|Esipenko, Andrey": [
                0.395,
                0.38929,
                0.21571
            ],
            "Praggnanandhaa R|Wei, Yi": [
                0.33323,
                0.39042,
                0.27635
            ]
        }
    },
    "rank_matrix": {
        "Bluebaum, Matthias": [
            0.00618,
            0.03913,
            0.10994,
            0.1407,
            0.16152,
            0.18039,
            0.19308,
            0.16906
        ],
        "Caruana, Fabiano": [
            0.25515,
            0.41893,
            0.16051,
            0.08115,
            0.04408,
            0.02413,
            0.01162,
            0.00443
        ],
        "Esipenko, Andrey": [
            0.00176,
            0.01357,
            0.03987,
            0.06915,
            0.10622,
            0.1503,
            0.22509,
            0.39404
        ],
        "Giri, Anish": [
            0.02681,
            0.09067,
            0.18758,
            0.18971,
            0.17081,
            0.14667,
            0.11532,
            0.07243
        ],
        "Nakamura, Hikaru": [
            0.00887,
            0.04624,
            0.12021,
            0.14821,
            0.16467,
            0.17637,
            0.18098,
            0.15445
        ],
        "Praggnanandhaa R": [
            0.02696,
            0.11318,
            0.19575,
            0.18789,
            0.16486,
            0.13938,
            0.10727,
            0.06471
        ],
        "Sindarov, Javokhir": [
            0.66213,
            0.22921,
            0.06506,
            0.02606,
            0.01097,
            0.00463,
            0.00155,
            0.00039
        ],
        "Wei, Yi": [
            0.01214,
            0.04907,
            0.12108,
            0.15713,
            0.17687,
            0.17813,
            0.16509,
            0.14049
        ]
    },
    "winner_probs": {
        "Bluebaum, Matthias": 0.00618,
        "Caruana, Fabiano": 0.25515,
        "Esipenko, Andrey": 0.00176,
        "Giri, Anish": 0.02681,
        "Nakamura, Hikaru": 0.00887,
        "Praggnanandhaa R": 0.02696,
        "Sindarov, Javokhir": 0.66213,
        "Wei, Yi": 0.01214
    }
}
