{
    "metadata": {
        "time_seconds": 24.627303591
    },
    "winner_probs": {
        "Nakamura, Hikaru": 0.092149,
        "Caruana, Fabiano": 0.306102,
        "Wei, Yi": 0.124905,
        "Giri, Anish": 0.049951,
        "Sindarov, Javokhir": 0.237309,
        "Praggnanandhaa R": 0.082945,
        "Esipenko, Andrey": 0.028036,
        "Bluebaum, Matthias": 0.078603
    },
    "expected_points": {
        "Nakamura, Hikaru": 6.8634035,
        "Caruana, Fabiano": 8.350861,
        "Wei, Yi": 7.2029625,
        "Giri, Anish": 6.268453,
        "Sindarov, Javokhir": 8.005852,
        "Praggnanandhaa R": 6.793276,
        "Esipenko, Andrey": 5.7308855,
        "Bluebaum, Matthias": 6.7843065
    },
    "rank_matrix": {
        "Nakamura, Hikaru": [
            0.092149,
            0.112996,
            0.131143,
            0.137062,
            0.137888,
            0.135928,
            0.132702,
            0.120132
        ],
        "Caruana, Fabiano": [
            0.306102,
            0.199893,
            0.150255,
            0.11555,
            0.088618,
            0.066214,
            0.046383,
            0.026985
        ],
        "Wei, Yi": [
            0.124905,
            0.140719,
            0.143742,
            0.140276,
            0.132899,
            0.122925,
            0.108277,
            0.086257
        ],
        "Giri, Anish": [
            0.049951,
            0.08153,
            0.100505,
            0.118076,
            0.135561,
            0.1539,
            0.172435,
            0.188042
        ],
        "Sindarov, Javokhir": [
            0.237309,
            0.186853,
            0.154251,
            0.127751,
            0.105681,
            0.085273,
            0.063806,
            0.039076
        ],
        "Praggnanandhaa R": [
            0.082945,
            0.109739,
            0.12333,
            0.134158,
            0.141529,
            0.144702,
            0.142654,
            0.120943
        ],
        "Esipenko, Andrey": [
            0.028036,
            0.05247,
            0.0717,
            0.093354,
            0.118261,
            0.149368,
            0.193881,
            0.29293
        ],
        "Bluebaum, Matthias": [
            0.078603,
            0.1158,
            0.125074,
            0.133773,
            0.139563,
            0.14169,
            0.139862,
            0.125635
        ]
    },
    "game_probs": {
        "2": {
            "Esipenko, Andrey|Nakamura, Hikaru": [
                0.374746,
                0.319921,
                0.305333
            ],
            "Giri, Anish|Caruana, Fabiano": [
                0.348078,
                0.355739,
                0.296183
            ],
            "Wei, Yi|Praggnanandhaa R": [
                0.470981,
                0.334382,
                0.194637
            ],
            "Sindarov, Javokhir|Bluebaum, Matthias": [
                0.49166,
                0.306595,
                0.201745
            ]
        },
        "3": {
            "Bluebaum, Matthias|Esipenko, Andrey": [
                0.481065,
                0.309434,
                0.209501
            ],
            "Praggnanandhaa R|Sindarov, Javokhir": [
                0.356821,
                0.327889,
                0.31529
            ],
            "Caruana, Fabiano|Wei, Yi": [
                0.48426399999999997,
                0.309541,
                0.206195
            ],
            "Nakamura, Hikaru|Giri, Anish": [
                0.494991,
                0.297137,
                0.207872
            ]
        },
        "4": {
            "Esipenko, Andrey|Giri, Anish": [
                0.421564,
                0.283946,
                0.29449
            ],
            "Wei, Yi|Nakamura, Hikaru": [
                0.441458,
                0.28427,
                0.274272
            ],
            "Sindarov, Javokhir|Caruana, Fabiano": [
                0.435911,
                0.292165,
                0.271924
            ],
            "Bluebaum, Matthias|Praggnanandhaa R": [
                0.460818,
                0.310461,
                0.228721
            ]
        },
        "5": {
            "Praggnanandhaa R|Esipenko, Andrey": [
                0.499426,
                0.258644,
                0.24193
            ],
            "Caruana, Fabiano|Bluebaum, Matthias": [
                0.522304,
                0.272885,
                0.204811
            ],
            "Nakamura, Hikaru|Sindarov, Javokhir": [
                0.419793,
                0.307064,
                0.273143
            ],
            "Giri, Anish|Wei, Yi": [
                0.405828,
                0.309908,
                0.284264
            ]
        },
        "6": {
            "Caruana, Fabiano|Esipenko, Andrey": [
                0.611765,
                0.216446,
                0.171789
            ],
            "Nakamura, Hikaru|Praggnanandhaa R": [
                0.526144,
                0.263139,
                0.210717
            ],
            "Giri, Anish|Bluebaum, Matthias": [
                0.441502,
                0.276193,
                0.282305
            ],
            "Wei, Yi|Sindarov, Javokhir": [
                0.408645,
                0.281871,
                0.309484
            ]
        },
        "7": {
            "Esipenko, Andrey|Wei, Yi": [
                0.369121,
                0.283837,
                0.347042
            ],
            "Sindarov, Javokhir|Giri, Anish": [
                0.555254,
                0.229232,
                0.215514
            ],
            "Bluebaum, Matthias|Nakamura, Hikaru": [
                0.429494,
                0.263839,
                0.306667
            ],
            "Praggnanandhaa R|Caruana, Fabiano": [
                0.36584,
                0.266486,
                0.367674
            ]
        },
        "8": {
            "Esipenko, Andrey|Sindarov, Javokhir": [
                0.36116,
                0.260101,
                0.378739
            ],
            "Wei, Yi|Bluebaum, Matthias": [
                0.460709,
                0.253562,
                0.285729
            ],
            "Giri, Anish|Praggnanandhaa R": [
                0.504653,
                0.248421,
                0.246926
            ],
            "Nakamura, Hikaru|Caruana, Fabiano": [
                0.424138,
                0.257287,
                0.318575
            ]
        },
        "9": {
            "Nakamura, Hikaru|Esipenko, Andrey": [
                0.565872,
                0.216421,
                0.217707
            ],
            "Caruana, Fabiano|Giri, Anish": [
                0.581735,
                0.210204,
                0.208061
            ],
            "Praggnanandhaa R|Wei, Yi": [
                0.414029,
                0.248721,
                0.33725
            ],
            "Bluebaum, Matthias|Sindarov, Javokhir": [
                0.400744,
                0.25431,
                0.344946
            ]
        },
        "10": {
            "Esipenko, Andrey|Bluebaum, Matthias": [
                0.4069,
                0.245357,
                0.347743
            ],
            "Sindarov, Javokhir|Praggnanandhaa R": [
                0.574893,
                0.216966,
                0.208141
            ],
            "Wei, Yi|Caruana, Fabiano": [
                0.408176,
                0.243518,
                0.348306
            ],
            "Giri, Anish|Nakamura, Hikaru": [
                0.450974,
                0.242047,
                0.306979
            ]
        },
        "11": {
            "Giri, Anish|Esipenko, Andrey": [
                0.53148,
                0.220864,
                0.247656
            ],