{
    "metadata": {
        "time_seconds": 25.148519154
    },
    "winner_probs": {
        "Nakamura, Hikaru": 0.18732,
        "Caruana, Fabiano": 0.215471,
        "Wei, Yi": 0.126208,
        "Giri, Anish": 0.112538,
        "Sindarov, Javokhir": 0.16149,
        "Praggnanandhaa R": 0.056778,
        "Esipenko, Andrey": 0.05502,
        "Bluebaum, Matthias": 0.085175
    },
    "expected_points": {
        "Nakamura, Hikaru": 7.410054,
        "Caruana, Fabiano": 7.5951145,
        "Wei, Yi": 7.0691725,
        "Giri, Anish": 7.000616,
        "Sindarov, Javokhir": 7.3277875,
        "Praggnanandhaa R": 6.398226,
        "Esipenko, Andrey": 6.391054,
        "Bluebaum, Matthias": 6.8079755
    },
    "rank_matrix": {
        "Nakamura, Hikaru": [
            0.18732,
            0.147249,
            0.14239,
            0.131214,
            0.119058,
            0.106714,
            0.092627,
            0.073428
        ],
        "Caruana, Fabiano": [
            0.215471,
            0.165091,
            0.14528,
            0.128083,
            0.111237,
            0.09588,
            0.079504,
            0.059454
        ],
        "Wei, Yi": [
            0.126208,
            0.129583,
            0.131577,
            0.130102,
            0.129438,
            0.125798,
            0.119646,
            0.107648
        ],
        "Giri, Anish": [
            0.112538,
            0.127527,
            0.128862,
            0.130186,
            0.130818,
            0.129563,
            0.125359,
            0.115147
        ],
        "Sindarov, Javokhir": [
            0.16149,
            0.151547,
            0.141015,
            0.131983,
            0.122535,
            0.111657,
            0.099047,
            0.080726
        ],
        "Praggnanandhaa R": [
            0.056778,
            0.080134,
            0.095206,
            0.111606,
            0.128173,
            0.146779,
            0.171576,
            0.209748
        ],
        "Esipenko, Andrey": [
            0.05502,
            0.08166,
            0.095698,
            0.110669,
            0.126984,
            0.146389,
            0.171186,
            0.212394
        ],
        "Bluebaum, Matthias": [
            0.085175,
            0.117209,
            0.119972,
            0.126157,
            0.131757,
            0.13722,
            0.141055,
            0.141455
        ]
    },
    "game_probs": {
        "1": {
            "Caruana, Fabiano|Nakamura, Hikaru": [
                0.265313,
                0.519216,
                0.215471
            ],
            "Praggnanandhaa R|Giri, Anish": [
                0.218905,
                0.515785,
                0.26531
            ],
            "Bluebaum, Matthias|Wei, Yi": [
                0.239653,
                0.514971,
                0.245376
            ],
            "Sindarov, Javokhir|Esipenko, Andrey": [
                0.318046,
                0.505154,
                0.1768
            ]
        },
        "2": {
            "Esipenko, Andrey|Nakamura, Hikaru": [
                0.198878,
                0.501697,
                0.299425
            ],
            "Giri, Anish|Caruana, Fabiano": [
                0.220736,
                0.514541,
                0.264723
            ],
            "Wei, Yi|Praggnanandhaa R": [
                0.301625,
                0.50672,
                0.191655
            ],
            "Sindarov, Javokhir|Bluebaum, Matthias": [
                0.293298,
                0.50307,
                0.203632
            ]
        },
        "3": {
            "Bluebaum, Matthias|Esipenko, Andrey": [
                0.291854,
                0.494162,
                0.213984
            ],
            "Praggnanandhaa R|Sindarov, Javokhir": [
                0.204122,
                0.503032,
                0.292846
            ],
            "Caruana, Fabiano|Wei, Yi": [
                0.300769,
                0.491485,
                0.207746
            ],
            "Nakamura, Hikaru|Giri, Anish": [
                0.291355,
                0.496955,
                0.21169
            ]
        },
        "4": {
            "Esipenko, Andrey|Giri, Anish": [
                0.232861,
                0.485134,
                0.282005
            ],
            "Wei, Yi|Nakamura, Hikaru": [
                0.24944,
                0.485271,
                0.265289
            ],
            "Sindarov, Javokhir|Caruana, Fabiano": [
                0.251484,
                0.487828,
                0.260688
            ],
            "Bluebaum, Matthias|Praggnanandhaa R": [
                0.297063,
                0.483795,
                0.219142
            ]
        },
        "5": {
            "Praggnanandhaa R|Esipenko, Andrey": [
                0.275637,
                0.476236,
                0.248127
            ],
            "Caruana, Fabiano|Bluebaum, Matthias": [
                0.321391,
                0.480651,
                0.197958
            ],
            "Nakamura, Hikaru|Sindarov, Javokhir": [
                0.273468,
                0.490889,
                0.235643
            ],
            "Giri, Anish|Wei, Yi": [
                0.269594,
                0.480012,
                0.250394
            ]
        },
        "6": {
            "Caruana, Fabiano|Esipenko, Andrey": [
                0.366532,
                0.446718,
                0.18675
            ],
            "Nakamura, Hikaru|Praggnanandhaa R": [
                0.345917,
                0.461908,
                0.192175
            ],
            "Giri, Anish|Bluebaum, Matthias": [
                0.289611,
                0.471148,
                0.239241
            ],
            "Wei, Yi|Sindarov, Javokhir": [
                0.261315,
                0.47158,
                0.267105
            ]
        },
        "7": {
            "Esipenko, Andrey|Wei, Yi": [
                0.239132,
                0.461024,
                0.299844
            ],
            "Sindarov, Javokhir|Giri, Anish": [
                0.306739,
                0.45687,
                0.236391
            ],
            "Bluebaum, Matthias|Nakamura, Hikaru": [
                0.245573,
                0.45559500000000003,
                0.298832
            ],
            "Praggnanandhaa R|Caruana, Fabiano": [
                0.208469,
                0.457847,
                0.333684
            ]
        },
        "8": {
            "Esipenko, Andrey|Sindarov, Javokhir": [
                0.228069,
                0.452275,
                0.319656
            ],
            "Wei, Yi|Bluebaum, Matthias": [
                0.30217,
                0.45407,
                0.24376
            ],
            "Giri, Anish|Praggnanandhaa R": [
                0.328318,
                0.449849,
                0.221833
            ],
            "Nakamura, Hikaru|Caruana, Fabiano": [
                0.273556,
                0.455238,
                0.271206
            ]
        },
        "9": {
            "Nakamura, Hikaru|Esipenko, Andrey": [
                0.362169,
                0.431933,
                0.205898
            ],
            "Caruana, Fabiano|Giri, Anish": [
                0.331755,
                0.438905,
                0.22934
            ],
            "Praggnanandhaa R|Wei, Yi": [
                0.249965,
                0.44072,
                0.309315
            ],
            "Bluebaum, Matthias|Sindarov, Javokhir": [
                0.258851,
                0.440962,
                0.300187
            ]
        },
        "10": {
            "Esipenko, Andrey|Bluebaum, Matthias": [
                0.264571,
                0.443875,
                0.291554
            ],