{
    "metadata": {
        "time_seconds": 16.606369145
    },
    "winner_probs": {
        "Nakamura, Hikaru": 0.002426,
        "Caruana, Fabiano": 0.158627,
        "Wei, Yi": 0.006499,
        "Giri, Anish": 0.014505,
        "Sindarov, Javokhir": 0.805573,
        "Praggnanandhaa R": 0.008658,
        "Esipenko, Andrey": 0.000125,
        "Bluebaum, Matthias": 0.003587
    },
    "expected_points": {
        "Nakamura, Hikaru": 6.1127375,
        "Caruana, Fabiano": 8.326161,
        "Wei, Yi": 6.5133495,
        "Giri, Anish": 6.9601115,
        "Sindarov, Javokhir": 9.8599625,
        "Praggnanandhaa R": 6.72114,
        "Esipenko, Andrey": 5.1196935,
        "Bluebaum, Matthias": 6.3868445
    },
    "rank_matrix": {
        "Nakamura, Hikaru": [
            0.002426,
            0.028517,
            0.083622,
            0.125717,
            0.163174,
            0.198827,
            0.228802,
            0.168915
        ],
        "Caruana, Fabiano": [
            0.158627,
            0.481498,
            0.186126,
            0.090788,
            0.047058,
            0.023598,
            0.009897,
            0.002408
        ],
        "Wei, Yi": [
            0.006499,
            0.052582,
            0.130499,
            0.164808,
            0.181418,
            0.186392,
            0.173492,
            0.10431
        ],
        "Giri, Anish": [
            0.014505,
            0.13122,
            0.237342,
            0.206213,
            0.166865,
            0.125939,
            0.08408,
            0.033836
        ],
        "Sindarov, Javokhir": [
            0.805573,
            0.158277,
            0.027004,
            0.00689,
            0.001787,
            0.000396,
            6.7e-05,
            6e-06
        ],
        "Praggnanandhaa R": [
            0.008658,
            0.086325,
            0.180175,
            0.195942,
            0.184765,
            0.161229,
            0.123663,
            0.059243
        ],
        "Esipenko, Andrey": [
            0.000125,
            0.004214,
            0.018704,
            0.038812,
            0.069251,
            0.117937,
            0.214194,
            0.536763
        ],
        "Bluebaum, Matthias": [
            0.003587,
            0.057367,
            0.136528,
            0.17083,
            0.185682,
            0.185682,
            0.165805,
            0.094519
        ]
    },
    "game_probs": {
        "8": {
            "Esipenko, Andrey|Sindarov, Javokhir": [
                0.180299,
                0.407542,
                0.412159
            ],
            "Wei, Yi|Bluebaum, Matthias": [
                0.284827,
                0.473734,
                0.241439
            ],
            "Giri, Anish|Praggnanandhaa R": [
                0.286064,
                0.512274,
                0.201662
            ],
            "Nakamura, Hikaru|Caruana, Fabiano": [
                0.263348,
                0.47391,
                0.262742
            ]
        },
        "9": {
            "Nakamura, Hikaru|Esipenko, Andrey": [
                0.327068,
                0.473353,
                0.199579
            ],
            "Caruana, Fabiano|Giri, Anish": [
                0.37849,
                0.410692,
                0.210818
            ],
            "Praggnanandhaa R|Wei, Yi": [
                0.254682,
                0.437392,
                0.307926
            ],
            "Bluebaum, Matthias|Sindarov, Javokhir": [
                0.21624,
                0.451985,
                0.331775
            ]
        },
        "10": {
            "Esipenko, Andrey|Bluebaum, Matthias": [
                0.24092,
                0.462157,
                0.296923
            ],
            "Sindarov, Javokhir|Praggnanandhaa R": [
                0.349617,
                0.467686,
                0.182697
            ],
            "Wei, Yi|Caruana, Fabiano": [
                0.246988,
                0.468694,
                0.284318
            ],
            "Giri, Anish|Nakamura, Hikaru": [
                0.243154,
                0.514555,
                0.242291
            ]
        },
        "11": {
            "Giri, Anish|Esipenko, Andrey": [
                0.296431,
                0.505292,
                0.198277
            ],
            "Nakamura, Hikaru|Wei, Yi": [
                0.283136,
                0.469015,
                0.247849
            ],
            "Caruana, Fabiano|Sindarov, Javokhir": [
                0.328993,
                0.395349,
                0.275658
            ],
            "Praggnanandhaa R|Bluebaum, Matthias": [
                0.263236,
                0.470483,
                0.266281
            ]
        },
        "12": {
            "Esipenko, Andrey|Praggnanandhaa R": [
                0.242349,
                0.489982,
                0.267669
            ],
            "Bluebaum, Matthias|Caruana, Fabiano": [
                0.22606,
                0.503249,
                0.270691
            ],
            "Sindarov, Javokhir|Nakamura, Hikaru": [
                0.300541,
                0.476454,
                0.223005
            ],
            "Wei, Yi|Giri, Anish": [
                0.263103,
                0.482519,
                0.254378
            ]
        },
        "13": {
            "Wei, Yi|Esipenko, Andrey": [
                0.296907,
                0.492246,
                0.210847
            ],
            "Giri, Anish|Sindarov, Javokhir": [
                0.233028,
                0.444636,
                0.322336
            ],
            "Nakamura, Hikaru|Bluebaum, Matthias": [
                0.298173,
                0.48295,
                0.218877
            ],
            "Caruana, Fabiano|Praggnanandhaa R": [
                0.383257,
                0.447719,
                0.169024
            ]
        },
        "14": {
            "Esipenko, Andrey|Caruana, Fabiano": [
                0.203882,
                0.456509,
                0.339609
            ],
            "Praggnanandhaa R|Nakamura, Hikaru": [
                0.226428,
                0.485948,
                0.287624
            ],
            "Bluebaum, Matthias|Giri, Anish": [
                0.246792,
                0.503907,
                0.249301
            ],
            "Sindarov, Javokhir|Wei, Yi": [
                0.321324,
                0.449453,
                0.229223
            ]
        }
    }
}
