{
    "metadata": {
        "time_seconds": 15.820030558
    },
    "winner_probs": {
        "Nakamura, Hikaru": 0.187541,
        "Caruana, Fabiano": 0.216373,
        "Wei, Yi": 0.125501,
        "Giri, Anish": 0.113015,
        "Sindarov, Javokhir": 0.160618,
        "Praggnanandhaa R": 0.056684,
        "Esipenko, Andrey": 0.055237,
        "Bluebaum, Matthias": 0.085031
    },
    "expected_points": {
        "Nakamura, Hikaru": 7.410005,
        "Caruana, Fabiano": 7.5975595,
        "Wei, Yi": 7.068324,
        "Giri, Anish": 7.000399,
        "Sindarov, Javokhir": 7.324319,
        "Praggnanandhaa R": 6.4009445,
        "Esipenko, Andrey": 6.3882715,
        "Bluebaum, Matthias": 6.8101775
    },
    "rank_matrix": {
        "Nakamura, Hikaru": [
            0.187541,
            0.146684,
            0.141859,
            0.131165,
            0.119437,
            0.106644,
            0.092826,
            0.073844
        ],
        "Caruana, Fabiano": [
            0.216373,
            0.16518,
            0.145782,
            0.12711,
            0.110937,
            0.096232,
            0.079007,
            0.059379
        ],
        "Wei, Yi": [
            0.125501,
            0.129542,
            0.131488,
            0.13109,
            0.129549,
            0.125635,
            0.119843,
            0.107352
        ],
        "Giri, Anish": [
            0.113015,
            0.127588,
            0.12889,
            0.130506,
            0.130464,
            0.128803,
            0.124753,
            0.115981
        ],
        "Sindarov, Javokhir": [
            0.160618,
            0.151188,
            0.140814,
            0.132566,
            0.122818,
            0.112087,
            0.099187,
            0.080722
        ],
        "Praggnanandhaa R": [
            0.056684,
            0.080357,
            0.096289,
            0.110976,
            0.128659,
            0.146698,
            0.171657,
            0.20868
        ],
        "Esipenko, Andrey": [
            0.055237,
            0.081159,
            0.095356,
            0.110564,
            0.126413,
            0.146464,
            0.17162,
            0.213187
        ],
        "Bluebaum, Matthias": [
            0.085031,
            0.118302,
            0.119522,
            0.126023,
            0.131723,
            0.137437,
            0.141107,
            0.140855
        ]
    },
    "game_probs": {
        "1": {
            "Caruana, Fabiano|Nakamura, Hikaru": [
                0.265479,
                0.518968,
                0.215553
            ],
            "Praggnanandhaa R|Giri, Anish": [
                0.218892,
                0.514496,
                0.266612
            ],
            "Bluebaum, Matthias|Wei, Yi": [
                0.239346,
                0.515197,
                0.245457
            ],
            "Sindarov, Javokhir|Esipenko, Andrey": [
                0.318411,
                0.505641,
                0.175948
            ]
        },
        "2": {
            "Esipenko, Andrey|Nakamura, Hikaru": [
                0.199475,
                0.50067,
                0.299855
            ],
            "Giri, Anish|Caruana, Fabiano": [
                0.220615,
                0.515053,
                0.264332
            ],
            "Wei, Yi|Praggnanandhaa R": [
                0.300935,
                0.508178,
                0.190887
            ],
            "Sindarov, Javokhir|Bluebaum, Matthias": [
                0.293247,
                0.502826,
                0.203927
            ]
        },
        "3": {
            "Bluebaum, Matthias|Esipenko, Andrey": [
                0.291542,
                0.494571,
                0.213887
            ],
            "Praggnanandhaa R|Sindarov, Javokhir": [
                0.204871,
                0.503037,
                0.292092
            ],
            "Caruana, Fabiano|Wei, Yi": [
                0.301556,
                0.490919,
                0.207525
            ],
            "Nakamura, Hikaru|Giri, Anish": [
                0.291477,
                0.497365,
                0.211158
            ]
        },
        "4": {
            "Esipenko, Andrey|Giri, Anish": [
                0.233351,
                0.484845,
                0.281804
            ],
            "Wei, Yi|Nakamura, Hikaru": [
                0.249795,
                0.484978,
                0.265227
            ],
            "Sindarov, Javokhir|Caruana, Fabiano": [
                0.251398,
                0.488366,
                0.260236
            ],
            "Bluebaum, Matthias|Praggnanandhaa R": [
                0.297196,
                0.483085,
                0.219719
            ]
        },
        "5": {
            "Praggnanandhaa R|Esipenko, Andrey": [
                0.276151,
                0.476342,
                0.247507
            ],
            "Caruana, Fabiano|Bluebaum, Matthias": [
                0.321937,
                0.480361,
                0.197702
            ],
            "Nakamura, Hikaru|Sindarov, Javokhir": [
                0.274431,
                0.490318,
                0.235251
            ],
            "Giri, Anish|Wei, Yi": [
                0.269841,
                0.480198,
                0.249961
            ]
        },
        "6": {
            "Caruana, Fabiano|Esipenko, Andrey": [
                0.366526,
                0.447088,
                0.186386
            ],
            "Nakamura, Hikaru|Praggnanandhaa R": [
                0.346621,
                0.461902,
                0.191477
            ],
            "Giri, Anish|Bluebaum, Matthias": [
                0.290628,
                0.470606,
                0.238766
            ],
            "Wei, Yi|Sindarov, Javokhir": [
                0.261485,
                0.471456,
                0.267059
            ]
        },
        "7": {
            "Esipenko, Andrey|Wei, Yi": [
                0.238919,
                0.460241,
                0.30084
            ],
            "Sindarov, Javokhir|Giri, Anish": [
                0.30764,
                0.456457,
                0.235903
            ],
            "Bluebaum, Matthias|Nakamura, Hikaru": [
                0.246464,
                0.456002,
                0.297534
            ],
            "Praggnanandhaa R|Caruana, Fabiano": [
                0.207899,
                0.45808,
                0.334021
            ]
        },
        "8": {
            "Esipenko, Andrey|Sindarov, Javokhir": [
                0.227631,
                0.452612,
                0.319757
            ],
            "Wei, Yi|Bluebaum, Matthias": [
                0.30247,
                0.453631,
                0.243899
            ],
            "Giri, Anish|Praggnanandhaa R": [
                0.327898,
                0.449341,
                0.222761
            ],
            "Nakamura, Hikaru|Caruana, Fabiano": [
                0.273075,
                0.454759,
                0.272166
            ]
        },
        "9": {
            "Nakamura, Hikaru|Esipenko, Andrey": [
                0.362776,
                0.43162,
                0.205604
            ],
            "Caruana, Fabiano|Giri, Anish": [
                0.332077,
                0.438669,
                0.229254
            ],
            "Praggnanandhaa R|Wei, Yi": [
                0.25023,
                0.440612,
                0.309158
            ],
            "Bluebaum, Matthias|Sindarov, Javokhir": [
                0.258971,
                0.44106,
                0.299969
            ]
        },
        "10": {
            "Esipenko, Andrey|Bluebaum, Matthias": [
                0.264389,
                0.443689,
                0.291922
            ],