{
    "metadata": {
        "time_seconds": 17.776687385
    },
    "winner_probs": {
        "Nakamura, Hikaru": 0.003792,
        "Caruana, Fabiano": 0.168064,
        "Wei, Yi": 0.002744,
        "Giri, Anish": 0.020779,
        "Sindarov, Javokhir": 0.787907,
        "Praggnanandhaa R": 0.01095,
        "Esipenko, Andrey": 0.001045,
        "Bluebaum, Matthias": 0.004719
    },
    "expected_points": {
        "Nakamura, Hikaru": 6.1358435,
        "Caruana, Fabiano": 8.367682,
        "Wei, Yi": 6.014196,
        "Giri, Anish": 6.8928425,
        "Sindarov, Javokhir": 9.921974,
        "Praggnanandhaa R": 6.6650715,
        "Esipenko, Andrey": 5.6391540000000004,
        "Bluebaum, Matthias": 6.3632365
    },
    "rank_matrix": {
        "Nakamura, Hikaru": [
            0.003792,
            0.03494,
            0.099686,
            0.136559,
            0.161317,
            0.180944,
            0.196328,
            0.186434
        ],
        "Caruana, Fabiano": [
            0.168064,
            0.46882,
            0.179908,
            0.090545,
            0.049129,
            0.026688,
            0.012662,
            0.004184
        ],
        "Wei, Yi": [
            0.002744,
            0.028145,
            0.084659,
            0.122403,
            0.153905,
            0.179842,
            0.201295,
            0.227007
        ],
        "Giri, Anish": [
            0.020779,
            0.127768,
            0.23031,
            0.195697,
            0.158876,
            0.123664,
            0.090104,
            0.052802
        ],
        "Sindarov, Javokhir": [
            0.787907,
            0.165488,
            0.033057,
            0.009558,
            0.002916,
            0.000835,
            0.000208,
            3.1e-05
        ],
        "Praggnanandhaa R": [
            0.01095,
            0.096339,
            0.171669,
            0.185126,
            0.175869,
            0.154014,
            0.124232,
            0.081801
        ],
        "Esipenko, Andrey": [
            0.001045,
            0.016603,
            0.054617,
            0.088943,
            0.12368,
            0.165351,
            0.220725,
            0.329036
        ],
        "Bluebaum, Matthias": [
            0.004719,
            0.061897,
            0.146094,
            0.171169,
            0.174308,
            0.168662,
            0.154446,
            0.118705
        ]
    },
    "game_probs": {
        "7": {
            "Esipenko, Andrey|Wei, Yi": [
                0.236685,
                0.461943,
                0.301372
            ],
            "Sindarov, Javokhir|Giri, Anish": [
                0.345266,
                0.43404,
                0.220694
            ],
            "Bluebaum, Matthias|Nakamura, Hikaru": [
                0.240389,
                0.493985,
                0.265626
            ],
            "Praggnanandhaa R|Caruana, Fabiano": [
                0.230927,
                0.443557,
                0.325516
            ]
        },
        "8": {
            "Esipenko, Andrey|Sindarov, Javokhir": [
                0.194141,
                0.418904,
                0.386955
            ],
            "Wei, Yi|Bluebaum, Matthias": [
                0.284149,
                0.477235,
                0.238616
            ],
            "Giri, Anish|Praggnanandhaa R": [
                0.28527,
                0.515221,
                0.199509
            ],
            "Nakamura, Hikaru|Caruana, Fabiano": [
                0.267216,
                0.463506,
                0.269278
            ]
        },
        "9": {
            "Nakamura, Hikaru|Esipenko, Andrey": [
                0.328908,
                0.47055,
                0.200542
            ],
            "Caruana, Fabiano|Giri, Anish": [
                0.384337,
                0.403148,
                0.212515
            ],
            "Praggnanandhaa R|Wei, Yi": [
                0.262338,
                0.441366,
                0.296296
            ],
            "Bluebaum, Matthias|Sindarov, Javokhir": [
                0.220026,
                0.443025,
                0.336949
            ]
        },
        "10": {
            "Esipenko, Andrey|Bluebaum, Matthias": [
                0.24837,
                0.468969,
                0.282661
            ],
            "Sindarov, Javokhir|Praggnanandhaa R": [
                0.357899,
                0.457232,
                0.184869
            ],
            "Wei, Yi|Caruana, Fabiano": [
                0.247928,
                0.464403,
                0.287669
            ],
            "Giri, Anish|Nakamura, Hikaru": [
                0.246186,
                0.506439,
                0.247375
            ]
        },
        "11": {
            "Giri, Anish|Esipenko, Andrey": [
                0.296954,
                0.503177,
                0.199869
            ],
            "Nakamura, Hikaru|Wei, Yi": [
                0.286733,
                0.481392,
                0.231875
            ],
            "Caruana, Fabiano|Sindarov, Javokhir": [
                0.326868,
                0.396991,
                0.276141
            ],
            "Praggnanandhaa R|Bluebaum, Matthias": [
                0.26527,
                0.46277,
                0.27196
            ]
        },
        "12": {
            "Esipenko, Andrey|Praggnanandhaa R": [
                0.248632,
                0.497959,
                0.253409
            ],
            "Bluebaum, Matthias|Caruana, Fabiano": [
                0.235183,
                0.481671,
                0.283146
            ],
            "Sindarov, Javokhir|Nakamura, Hikaru": [
                0.312219,
                0.456932,
                0.230849
            ],
            "Wei, Yi|Giri, Anish": [
                0.268383,
                0.473714,
                0.257903
            ]
        },
        "13": {
            "Wei, Yi|Esipenko, Andrey": [
                0.296747,
                0.491263,
                0.21199
            ],
            "Giri, Anish|Sindarov, Javokhir": [
                0.233522,
                0.443414,
                0.323064
            ],
            "Nakamura, Hikaru|Bluebaum, Matthias": [
                0.297829,
                0.48275,
                0.219421
            ],
            "Caruana, Fabiano|Praggnanandhaa R": [
                0.383377,
                0.446791,
                0.169832
            ]
        },
        "14": {
            "Esipenko, Andrey|Caruana, Fabiano": [
                0.214582,
                0.455921,
                0.329497
            ],
            "Praggnanandhaa R|Nakamura, Hikaru": [
                0.232946,
                0.467047,
                0.300007
            ],
            "Bluebaum, Matthias|Giri, Anish": [
                0.257763,
                0.48403,
                0.258207
            ],
            "Sindarov, Javokhir|Wei, Yi": [
                0.334759,
                0.446906,
                0.218335
            ]
        }
    }
}
