{
    "expected_points": {
        "Bluebaum, Matthias": 6.46902,
        "Caruana, Fabiano": 8.10869,
        "Esipenko, Andrey": 5.196935,
        "Giri, Anish": 6.9653,
        "Nakamura, Hikaru": 6.674655,
        "Praggnanandhaa R": 7.01082,
        "Sindarov, Javokhir": 9.18442,
        "Wei, Yi": 6.39016
    },
    "game_probs": {
        "10": {
            "Esipenko, Andrey|Bluebaum, Matthias": [
                0.28942,
                0.41524,
                0.29534
            ],
            "Giri, Anish|Nakamura, Hikaru": [
                0.28834,
                0.4301,
                0.28156
            ],
            "Sindarov, Javokhir|Praggnanandhaa R": [
                0.40742,
                0.37138,
                0.2212
            ],
            "Wei, Yi|Caruana, Fabiano": [
                0.30042,
                0.40527,
                0.29431
            ]
        },
        "11": {
            "Caruana, Fabiano|Sindarov, Javokhir": [
                0.38893,
                0.31576,
                0.29531
            ],
            "Giri, Anish|Esipenko, Andrey": [
                0.3845,
                0.38705,
                0.22845
            ],
            "Nakamura, Hikaru|Wei, Yi": [
                0.3647,
                0.40231,
                0.23299
            ],
            "Praggnanandhaa R|Bluebaum, Matthias": [
                0.36184,
                0.38164,
                0.25652
            ]
        },
        "12": {
            "Bluebaum, Matthias|Caruana, Fabiano": [
                0.2514,
                0.42944,
                0.31916
            ],
            "Esipenko, Andrey|Praggnanandhaa R": [
                0.26574,
                0.417,
                0.31726
            ],
            "Sindarov, Javokhir|Nakamura, Hikaru": [
                0.37502,
                0.38093,
                0.24405
            ],
            "Wei, Yi|Giri, Anish": [
                0.31064,
                0.4179,
                0.27146
            ]
        },
        "13": {
            "Caruana, Fabiano|Praggnanandhaa R": [
                0.42072,
                0.365,
                0.21428
            ],
            "Giri, Anish|Sindarov, Javokhir": [
                0.27976,
                0.36985,
                0.35039
            ],
            "Nakamura, Hikaru|Bluebaum, Matthias": [
                0.35756,
                0.43637,
                0.20607
            ],
            "Wei, Yi|Esipenko, Andrey": [
                0.36446,
                0.42196,
                0.21358
            ]
        },
        "14": {
            "Bluebaum, Matthias|Giri, Anish": [
                0.26273,
                0.44375,
                0.29352
            ],
            "Esipenko, Andrey|Caruana, Fabiano": [
                0.25693,
                0.38523,
                0.35784
            ],
            "Praggnanandhaa R|Nakamura, Hikaru": [
                0.30471,
                0.39852,
                0.29677
            ],
            "Sindarov, Javokhir|Wei, Yi": [
                0.41097,
                0.36934,
                0.21969
            ]
        },
        "5": {
            "Caruana, Fabiano|Bluebaum, Matthias": [
                0.44542,
                0.40083,
                0.15375
            ],
            "Giri, Anish|Wei, Yi": [
                0.30997,
                0.47257,
                0.21746
            ],
            "Nakamura, Hikaru|Sindarov, Javokhir": [
                0.14792,
                0.42071,
                0.43137
            ],
            "Praggnanandhaa R|Esipenko, Andrey": [
                0.48984,
                0.34519,
                0.16497
            ]
        },
        "6": {
            "Caruana, Fabiano|Esipenko, Andrey": [
                0.50982,
                0.32075,
                0.16943
            ],
            "Giri, Anish|Bluebaum, Matthias": [
                0.30433,
                0.49338,
                0.20229
            ],
            "Nakamura, Hikaru|Praggnanandhaa R": [
                0.30872,
                0.50109,
                0.19019
            ],
            "Wei, Yi|Sindarov, Javokhir": [
                0.2472,
                0.44464,
                0.30816
            ]
        },
        "7": {
            "Bluebaum, Matthias|Nakamura, Hikaru": [
                0.2064,
                0.51956,
                0.27404
            ],
            "Esipenko, Andrey|Wei, Yi": [
                0.2796,
                0.40057,
                0.31983
            ],
            "Praggnanandhaa R|Caruana, Fabiano": [
                0.32884,
                0.35494,
                0.31622
            ],
            "Sindarov, Javokhir|Giri, Anish": [
                0.4163,
                0.3539,
                0.2298
            ]
        },
        "8": {
            "Esipenko, Andrey|Sindarov, Javokhir": [
                0.22003,
                0.35411,
                0.42586
            ],
            "Giri, Anish|Praggnanandhaa R": [
                0.30311,
                0.44739,
                0.2495
            ],
            "Nakamura, Hikaru|Caruana, Fabiano": [
                0.34105,
                0.39745,
                0.2615
            ],
            "Wei, Yi|Bluebaum, Matthias": [
                0.31155,
                0.48145,
                0.207
            ]
        },
        "9": {
            "Bluebaum, Matthias|Sindarov, Javokhir": [
                0.22189,
                0.4096,
                0.36851
            ],
            "Caruana, Fabiano|Giri, Anish": [
                0.45144,
                0.31199,
                0.23657
            ],
            "Nakamura, Hikaru|Esipenko, Andrey": [
                0.42793,
                0.37367,
                0.1984
            ],
            "Praggnanandhaa R|Wei, Yi": [
                0.36843,
                0.34731,
                0.28426
            ]
        }
    },
    "rank_matrix": {
        "Bluebaum, Matthias": [
            0.02639,
            0.07928,
            0.11614,
            0.14308,
            0.15927,
            0.17481,
            0.17819,
            0.12284
        ],
        "Caruana, Fabiano": [
            0.22359,
            0.26597,
            0.17642,
            0.12406,
            0.08816,
            0.06195,
            0.04001,
            0.01984
        ],
        "Esipenko, Andrey": [
            0.0049,
            0.01865,
            0.03552,
            0.05687,
            0.08672,
            0.13138,
            0.20809,
            0.45787
        ],
        "Giri, Anish": [
            0.06349,
            0.12205,
            0.15856,
            0.16378,
            0.15463,
            0.14187,
            0.12224,
            0.07338
        ],
        "Nakamura, Hikaru": [
            0.04603,
            0.08952,
            0.13386,
            0.15283,
            0.16633,
            0.1617,
            0.15043,
            0.0993
        ],
        "Praggnanandhaa R": [
            0.06207,
            0.13658,
            0.16097,
            0.16132,
            0.15219,
            0.13552,
            0.11629,
            0.07506
        ],
        "Sindarov, Javokhir": [
            0.5437,
            0.21918,
            0.10774,
            0.06119,
            0.03626,
            0.01988,
            0.00967,
            0.00238
        ],
        "Wei, Yi": [
            0.02983,
            0.06877,
            0.11079,
            0.13687,
            0.15644,
            0.17289,
            0.17508,
            0.14933
        ]
    },
    "winner_probs": {
        "Bluebaum, Matthias": 0.02639,
        "Caruana, Fabiano": 0.22359,
        "Esipenko, Andrey": 0.0049,
        "Giri, Anish": 0.06349,
        "Nakamura, Hikaru": 0.04603,
        "Praggnanandhaa R": 0.06207,