{
    "metadata": {
        "time_seconds": 23.226430102
    },
    "winner_probs": {
        "Nakamura, Hikaru": 0.062135,
        "Caruana, Fabiano": 0.416108,
        "Wei, Yi": 0.046385,
        "Giri, Anish": 0.035835,
        "Sindarov, Javokhir": 0.325237,
        "Praggnanandhaa R": 0.037535,
        "Esipenko, Andrey": 0.020211,
        "Bluebaum, Matthias": 0.056554
    },
    "expected_points": {
        "Nakamura, Hikaru": 6.7387085,
        "Caruana, Fabiano": 8.8651605,
        "Wei, Yi": 6.507102,
        "Giri, Anish": 6.363699,
        "Sindarov, Javokhir": 8.547186,
        "Praggnanandhaa R": 6.352274,
        "Esipenko, Andrey": 5.8616215,
        "Bluebaum, Matthias": 6.7642485
    },
    "rank_matrix": {
        "Nakamura, Hikaru": [
            0.062135,
            0.106664,
            0.138497,
            0.1467,
            0.147903,
            0.144769,
            0.136143,
            0.117189
        ],
        "Caruana, Fabiano": [
            0.416108,
            0.235535,
            0.139779,
            0.088584,
            0.056389,
            0.034939,
            0.0198,
            0.008866
        ],
        "Wei, Yi": [
            0.046385,
            0.089823,
            0.122173,
            0.138324,
            0.148301,
            0.151763,
            0.153041,
            0.15019
        ],
        "Giri, Anish": [
            0.035835,
            0.08482,
            0.116044,
            0.13567,
            0.14827099999999999,
            0.157658,
            0.161054,
            0.160648
        ],
        "Sindarov, Javokhir": [
            0.325237,
            0.238935,
            0.156712,
            0.108487,
            0.075063,
            0.050044,
            0.030829,
            0.014693
        ],
        "Praggnanandhaa R": [
            0.037535,
            0.074418,
            0.106955,
            0.129513,
            0.146157,
            0.160065,
            0.17086,
            0.174497
        ],
        "Esipenko, Andrey": [
            0.020211,
            0.049711,
            0.078074,
            0.105055,
            0.130797,
            0.157937,
            0.193935,
            0.26428
        ],
        "Bluebaum, Matthias": [
            0.056554,
            0.120094,
            0.141766,
            0.147667,
            0.147119,
            0.142825,
            0.134338,
            0.109637
        ]
    },
    "game_probs": {
        "4": {
            "Esipenko, Andrey|Giri, Anish": [
                0.395444,
                0.326643,
                0.277913
            ],
            "Wei, Yi|Nakamura, Hikaru": [
                0.403986,
                0.325043,
                0.270971
            ],
            "Sindarov, Javokhir|Caruana, Fabiano": [
                0.399735,
                0.337755,
                0.26251
            ],
            "Bluebaum, Matthias|Praggnanandhaa R": [
                0.39505,
                0.364329,
                0.240621
            ]
        },
        "5": {
            "Praggnanandhaa R|Esipenko, Andrey": [
                0.451573,
                0.273466,
                0.274961
            ],
            "Caruana, Fabiano|Bluebaum, Matthias": [
                0.528247,
                0.281039,
                0.190714
            ],
            "Nakamura, Hikaru|Sindarov, Javokhir": [
                0.365735,
                0.324335,
                0.30993
            ],
            "Giri, Anish|Wei, Yi": [
                0.422326,
                0.318123,
                0.259551
            ]
        },
        "6": {
            "Caruana, Fabiano|Esipenko, Andrey": [
                0.624083,
                0.218416,
                0.157501
            ],
            "Nakamura, Hikaru|Praggnanandhaa R": [
                0.480362,
                0.304402,
                0.215236
            ],
            "Giri, Anish|Bluebaum, Matthias": [
                0.406214,
                0.314658,
                0.279128
            ],
            "Wei, Yi|Sindarov, Javokhir": [
                0.356892,
                0.294009,
                0.349099
            ]
        },
        "7": {
            "Esipenko, Andrey|Wei, Yi": [
                0.387535,
                0.292306,
                0.320159
            ],
            "Sindarov, Javokhir|Giri, Anish": [
                0.519196,
                0.262888,
                0.217916
            ],
            "Bluebaum, Matthias|Nakamura, Hikaru": [
                0.393223,
                0.29969,
                0.307087
            ],
            "Praggnanandhaa R|Caruana, Fabiano": [
                0.325695,
                0.275342,
                0.398963
            ]
        },
        "8": {
            "Esipenko, Andrey|Sindarov, Javokhir": [
                0.318904,
                0.268593,
                0.412503
            ],
            "Wei, Yi|Bluebaum, Matthias": [
                0.42161,
                0.287128,
                0.291262
            ],
            "Giri, Anish|Praggnanandhaa R": [
                0.471289,
                0.280646,
                0.248065
            ],
            "Nakamura, Hikaru|Caruana, Fabiano": [
                0.393906,
                0.291657,
                0.314437
            ]
        },
        "9": {
            "Nakamura, Hikaru|Esipenko, Andrey": [
                0.531228,
                0.24463,
                0.224142
            ],
            "Caruana, Fabiano|Giri, Anish": [
                0.595455,
                0.212939,
                0.191606
            ],
            "Praggnanandhaa R|Wei, Yi": [
                0.411184,
                0.239612,
                0.349204
            ],
            "Bluebaum, Matthias|Sindarov, Javokhir": [
                0.347493,
                0.265367,
                0.38714
            ]
        },
        "10": {
            "Esipenko, Andrey|Bluebaum, Matthias": [
                0.379422,
                0.273395,
                0.347183
            ],
            "Sindarov, Javokhir|Praggnanandhaa R": [
                0.535586,
                0.248517,
                0.215897
            ],
            "Wei, Yi|Caruana, Fabiano": [
                0.382684,
                0.273486,
                0.34383
            ],
            "Giri, Anish|Nakamura, Hikaru": [
                0.429091,
                0.269518,
                0.301391
            ]
        },
        "11": {
            "Giri, Anish|Esipenko, Andrey": [
                0.50733,
                0.244429,
                0.248241
            ],
            "Nakamura, Hikaru|Wei, Yi": [
                0.477431,
                0.248373,
                0.274196
            ],
            "Caruana, Fabiano|Sindarov, Javokhir": [
                0.50604,
                0.210333,
                0.283627
            ],
            "Praggnanandhaa R|Bluebaum, Matthias": [
                0.390964,
                0.242084,
                0.366952
            ]
        },
        "12": {
            "Esipenko, Andrey|Praggnanandhaa R": [
                0.430787,
                0.267753,
                0.30146
            ],
            "Bluebaum, Matthias|Caruana, Fabiano": [
                0.359017,
                0.275406,
                0.365577
            ],
            "Sindarov, Javokhir|Nakamura, Hikaru": [
                0.491108,
                0.246049,
                0.262843
            ],
            "Wei, Yi|Giri, Anish": [
                0.468187,
                0.259485,
                0.272328
            ]
        },
        "13": {
            "Wei, Yi|Esipenko, Andrey": [
                0.510117,
                0.240302,
                0.249581
            ],