{
    "expected_points": {
        "Bluebaum, Matthias": 6.400455,
        "Caruana, Fabiano": 8.69652,
        "Esipenko, Andrey": 5.988485,
        "Giri, Anish": 6.32059,
        "Nakamura, Hikaru": 6.875895,
        "Praggnanandhaa R": 6.885005,
        "Sindarov, Javokhir": 8.375755,
        "Wei, Yi": 6.457295
    },
    "game_probs": {
        "10": {
            "Esipenko, Andrey|Bluebaum, Matthias": [
                0.31552,
                0.42379,
                0.26069
            ],
            "Giri, Anish|Nakamura, Hikaru": [
                0.28978,
                0.41228,
                0.29794
            ],
            "Sindarov, Javokhir|Praggnanandhaa R": [
                0.37735,
                0.37785,
                0.2448
            ],
            "Wei, Yi|Caruana, Fabiano": [
                0.28472,
                0.4033,
                0.31198
            ]
        },
        "11": {
            "Caruana, Fabiano|Sindarov, Javokhir": [
                0.40702,
                0.31954,
                0.27344
            ],
            "Giri, Anish|Esipenko, Andrey": [
                0.36817,
                0.39192,
                0.23991
            ],
            "Nakamura, Hikaru|Wei, Yi": [
                0.37985,
                0.38914,
                0.23101
            ],
            "Praggnanandhaa R|Bluebaum, Matthias": [
                0.35825,
                0.3768,
                0.26495
            ]
        },
        "12": {
            "Bluebaum, Matthias|Caruana, Fabiano": [
                0.23322,
                0.42505,
                0.34173
            ],
            "Esipenko, Andrey|Praggnanandhaa R": [
                0.29225,
                0.41823,
                0.28952
            ],
            "Sindarov, Javokhir|Nakamura, Hikaru": [
                0.34431,
                0.38476,
                0.27093
            ],
            "Wei, Yi|Giri, Anish": [
                0.33937,
                0.41709,
                0.24354
            ]
        },
        "13": {
            "Caruana, Fabiano|Praggnanandhaa R": [
                0.43343,
                0.35408,
                0.21249
            ],
            "Giri, Anish|Sindarov, Javokhir": [
                0.28095,
                0.38402,
                0.33503
            ],
            "Nakamura, Hikaru|Bluebaum, Matthias": [
                0.37506,
                0.42195,
                0.20299
            ],
            "Wei, Yi|Esipenko, Andrey": [
                0.36649,
                0.40684,
                0.22667
            ]
        },
        "14": {
            "Bluebaum, Matthias|Giri, Anish": [
                0.28221,
                0.44626,
                0.27153
            ],
            "Esipenko, Andrey|Caruana, Fabiano": [
                0.25159,
                0.4047,
                0.34371
            ],
            "Praggnanandhaa R|Nakamura, Hikaru": [
                0.30206,
                0.38507,
                0.31287
            ],
            "Sindarov, Javokhir|Wei, Yi": [
                0.37471,
                0.39076,
                0.23453
            ]
        },
        "4": {
            "Bluebaum, Matthias|Praggnanandhaa R": [
                0.17907,
                0.57498,
                0.24595
            ],
            "Esipenko, Andrey|Giri, Anish": [
                0.29232,
                0.49439,
                0.21329
            ],
            "Sindarov, Javokhir|Caruana, Fabiano": [
                0.30446,
                0.47279,
                0.22275
            ],
            "Wei, Yi|Nakamura, Hikaru": [
                0.28188,
                0.49486,
                0.22326
            ]
        },
        "5": {
            "Caruana, Fabiano|Bluebaum, Matthias": [
                0.43743,
                0.4105,
                0.15207
            ],
            "Giri, Anish|Wei, Yi": [
                0.29598,
                0.47348,
                0.23054
            ],
            "Nakamura, Hikaru|Sindarov, Javokhir": [
                0.29796,
                0.44859,
                0.25345
            ],
            "Praggnanandhaa R|Esipenko, Andrey": [
                0.38893,
                0.37431,
                0.23676
            ]
        },
        "6": {
            "Caruana, Fabiano|Esipenko, Andrey": [
                0.49256,
                0.34088,
                0.16656
            ],
            "Giri, Anish|Bluebaum, Matthias": [
                0.3036,
                0.48851,
                0.20789
            ],
            "Nakamura, Hikaru|Praggnanandhaa R": [
                0.33852,
                0.46059,
                0.20089
            ],
            "Wei, Yi|Sindarov, Javokhir": [
                0.27273,
                0.41814,
                0.30913
            ]
        },
        "7": {
            "Bluebaum, Matthias|Nakamura, Hikaru": [
                0.22872,
                0.45731,
                0.31397
            ],
            "Esipenko, Andrey|Wei, Yi": [
                0.29442,
                0.42993,
                0.27565
            ],
            "Praggnanandhaa R|Caruana, Fabiano": [
                0.28187,
                0.37985,
                0.33828
            ],
            "Sindarov, Javokhir|Giri, Anish": [
                0.39214,
                0.38976,
                0.2181
            ]
        },
        "8": {
            "Esipenko, Andrey|Sindarov, Javokhir": [
                0.25246,
                0.3842,
                0.36334
            ],
            "Giri, Anish|Praggnanandhaa R": [
                0.30903,
                0.42748,
                0.26349
            ],
            "Nakamura, Hikaru|Caruana, Fabiano": [
                0.31143,
                0.42452,
                0.26405
            ],
            "Wei, Yi|Bluebaum, Matthias": [
                0.3411,
                0.43928,
                0.21962
            ]
        },
        "9": {
            "Bluebaum, Matthias|Sindarov, Javokhir": [
                0.24008,
                0.39346,
                0.36646
            ],
            "Caruana, Fabiano|Giri, Anish": [
                0.47204,
                0.32787,
                0.20009
            ],
            "Nakamura, Hikaru|Esipenko, Andrey": [
                0.42859,
                0.37196,
                0.19945
            ],
            "Praggnanandhaa R|Wei, Yi": [
                0.3596,
                0.34507,
                0.29533
            ]
        }
    },
    "rank_matrix": {
        "Bluebaum, Matthias": [
            0.032,
            0.07786,
            0.11094,
            0.13371,
            0.14999,
            0.1624,
            0.17132,
            0.16178
        ],
        "Caruana, Fabiano": [
            0.41764,
            0.22892,
            0.13806,
            0.08867,
            0.0573,
            0.03741,
            0.02198,
            0.01002
        ],
        "Esipenko, Andrey": [
            0.0221,
            0.05307,
            0.08101,
            0.10634,
            0.1301,
            0.15874,
            0.1921,
            0.25654
        ],
        "Giri, Anish": [
            0.03217,
            0.07225,
            0.10419,
            0.12897,
            0.14652,
            0.15852,
            0.17028,
            0.1871
        ],
        "Nakamura, Hikaru": [
            0.07021,
            0.11808,
            0.14714,
            0.15161,
            0.14826,
            0.13717,
            0.12505,
            0.10248
        ],
        "Praggnanandhaa R": [
            0.0684,
            0.12079,
            0.14718,
            0.14844,
            0.14803,
            0.1382,
            0.12591,
            0.10305
        ],