{
    "metadata": {
        "time_seconds": 19.007487361
    },
    "winner_probs": {
        "Nakamura, Hikaru": 0.054863,
        "Caruana, Fabiano": 0.24882,
        "Wei, Yi": 0.034521,
        "Giri, Anish": 0.066904,
        "Sindarov, Javokhir": 0.511483,
        "Praggnanandhaa R": 0.035783,
        "Esipenko, Andrey": 0.004998,
        "Bluebaum, Matthias": 0.042628
    },
    "expected_points": {
        "Nakamura, Hikaru": 6.765249,
        "Caruana, Fabiano": 8.069521,
        "Wei, Yi": 6.496515,
        "Giri, Anish": 6.982169,
        "Sindarov, Javokhir": 8.846418,
        "Praggnanandhaa R": 6.6013365,
        "Esipenko, Andrey": 5.4496905,
        "Bluebaum, Matthias": 6.789101
    },
    "rank_matrix": {
        "Nakamura, Hikaru": [
            0.054863,
            0.097433,
            0.138184,
            0.154113,
            0.158983,
            0.15489,
            0.143743,
            0.097791
        ],
        "Caruana, Fabiano": [
            0.24882,
            0.252272,
            0.176532,
            0.123076,
            0.086111,
            0.059346,
            0.036612,
            0.017231
        ],
        "Wei, Yi": [
            0.034521,
            0.072773,
            0.112403,
            0.138732,
            0.157313,
            0.169239,
            0.172321,
            0.142698
        ],
        "Giri, Anish": [
            0.066904,
            0.125958,
            0.15804,
            0.159889,
            0.152453,
            0.14046,
            0.121195,
            0.075101
        ],
        "Sindarov, Javokhir": [
            0.511483,
            0.230682,
            0.116548,
            0.066762,
            0.038983,
            0.021744,
            0.010594,
            0.003204
        ],
        "Praggnanandhaa R": [
            0.035783,
            0.082476,
            0.118131,
            0.142719,
            0.158424,
            0.166965,
            0.163956,
            0.131546
        ],
        "Esipenko, Andrey": [
            0.004998,
            0.018278,
            0.035801,
            0.059314,
            0.089722,
            0.134246,
            0.212554,
            0.445087
        ],
        "Bluebaum, Matthias": [
            0.042628,
            0.120128,
            0.144361,
            0.155395,
            0.158011,
            0.15311,
            0.139025,
            0.087342
        ]
    },
    "game_probs": {
        "5": {
            "Praggnanandhaa R|Esipenko, Andrey": [
                0.304703,
                0.448303,
                0.246994
            ],
            "Caruana, Fabiano|Bluebaum, Matthias": [
                0.353616,
                0.463098,
                0.183286
            ],
            "Nakamura, Hikaru|Sindarov, Javokhir": [
                0.255963,
                0.493962,
                0.250075
            ],
            "Giri, Anish|Wei, Yi": [
                0.279055,
                0.485484,
                0.235461
            ]
        },
        "6": {
            "Caruana, Fabiano|Esipenko, Andrey": [
                0.420208,
                0.41134,
                0.168452
            ],
            "Nakamura, Hikaru|Praggnanandhaa R": [
                0.322537,
                0.495025,
                0.182438
            ],
            "Giri, Anish|Bluebaum, Matthias": [
                0.276088,
                0.492236,
                0.231676
            ],
            "Wei, Yi|Sindarov, Javokhir": [
                0.239512,
                0.487343,
                0.273145
            ]
        },
        "7": {
            "Esipenko, Andrey|Wei, Yi": [
                0.240686,
                0.454094,
                0.30522
            ],
            "Sindarov, Javokhir|Giri, Anish": [
                0.338798,
                0.438771,
                0.222431
            ],
            "Bluebaum, Matthias|Nakamura, Hikaru": [
                0.238047,
                0.493953,
                0.268
            ],
            "Praggnanandhaa R|Caruana, Fabiano": [
                0.230027,
                0.438492,
                0.331481
            ]
        },
        "8": {
            "Esipenko, Andrey|Sindarov, Javokhir": [
                0.208003,
                0.440646,
                0.351351
            ],
            "Wei, Yi|Bluebaum, Matthias": [
                0.283286,
                0.481568,
                0.235146
            ],
            "Giri, Anish|Praggnanandhaa R": [
                0.308373,
                0.47875,
                0.212877
            ],
            "Nakamura, Hikaru|Caruana, Fabiano": [
                0.280307,
                0.463112,
                0.256581
            ]
        },
        "9": {
            "Nakamura, Hikaru|Esipenko, Andrey": [
                0.367811,
                0.436118,
                0.196071
            ],
            "Caruana, Fabiano|Giri, Anish": [
                0.37463,
                0.405785,
                0.219585
            ],
            "Praggnanandhaa R|Wei, Yi": [
                0.272654,
                0.419712,
                0.307634
            ],
            "Bluebaum, Matthias|Sindarov, Javokhir": [
                0.234177,
                0.462483,
                0.30334
            ]
        },
        "10": {
            "Esipenko, Andrey|Bluebaum, Matthias": [
                0.244702,
                0.455526,
                0.299772
            ],
            "Sindarov, Javokhir|Praggnanandhaa R": [
                0.367459,
                0.443301,
                0.18924
            ],
            "Wei, Yi|Caruana, Fabiano": [
                0.25846,
                0.464261,
                0.277279
            ],
            "Giri, Anish|Nakamura, Hikaru": [
                0.266067,
                0.468515,
                0.265418
            ]
        },
        "11": {
            "Giri, Anish|Esipenko, Andrey": [
                0.335765,
                0.447459,
                0.216776
            ],
            "Nakamura, Hikaru|Wei, Yi": [
                0.319345,
                0.44757,
                0.233085
            ],
            "Caruana, Fabiano|Sindarov, Javokhir": [
                0.339575,
                0.406691,
                0.253734
            ],
            "Praggnanandhaa R|Bluebaum, Matthias": [
                0.267745,
                0.436267,
                0.295988
            ]
        },
        "12": {
            "Esipenko, Andrey|Praggnanandhaa R": [
                0.258623,
                0.479583,
                0.261794
            ],
            "Bluebaum, Matthias|Caruana, Fabiano": [
                0.23773,
                0.472331,
                0.289939
            ],
            "Sindarov, Javokhir|Nakamura, Hikaru": [
                0.318518,
                0.446285,
                0.235197
            ],
            "Wei, Yi|Giri, Anish": [
                0.28087,
                0.469371,
                0.249759
            ]
        },
        "13": {
            "Wei, Yi|Esipenko, Andrey": [
                0.323078,
                0.470279,
                0.206643
            ],
            "Giri, Anish|Sindarov, Javokhir": [
                0.25999,
                0.43937,
                0.30064
            ],
            "Nakamura, Hikaru|Bluebaum, Matthias": [
                0.308029,
                0.470475,
                0.221496
            ],
            "Caruana, Fabiano|Praggnanandhaa R": [
                0.388278,
                0.432891,
                0.178831
            ]
        },
        "14": {
            "Esipenko, Andrey|Caruana, Fabiano": [
                0.214688,
                0.452757,
                0.332555
            ],