{
    "metadata": {
        "time_seconds": 17.876614845
    },
    "winner_probs": {
        "Nakamura, Hikaru": 0.00516,
        "Caruana, Fabiano": 0.14408,
        "Wei, Yi": 0.004757,
        "Giri, Anish": 0.019809,
        "Sindarov, Javokhir": 0.802354,
        "Praggnanandhaa R": 0.013737,
        "Esipenko, Andrey": 0.002202,
        "Bluebaum, Matthias": 0.007901
    },
    "expected_points": {
        "Nakamura, Hikaru": 6.009014,
        "Caruana, Fabiano": 8.383134,
        "Wei, Yi": 5.95918,
        "Giri, Anish": 6.7091495,
        "Sindarov, Javokhir": 10.3792385,
        "Praggnanandhaa R": 6.6187955,
        "Esipenko, Andrey": 5.556896,
        "Bluebaum, Matthias": 6.3845925
    },
    "rank_matrix": {
        "Nakamura, Hikaru": [
            0.00516,
            0.044006,
            0.103124,
            0.133427,
            0.153429,
            0.172764,
            0.192411,
            0.195679
        ],
        "Caruana, Fabiano": [
            0.14408,
            0.442017,
            0.186703,
            0.104014,
            0.061496,
            0.03625,
            0.018438,
            0.007002
        ],
        "Wei, Yi": [
            0.004757,
            0.04041,
            0.096935,
            0.128925,
            0.152716,
            0.17302,
            0.188755,
            0.214482
        ],
        "Giri, Anish": [
            0.019809,
            0.109736,
            0.188891,
            0.182321,
            0.165781,
            0.143272,
            0.11587,
            0.07432
        ],
        "Sindarov, Javokhir": [
            0.802354,
            0.146205,
            0.034348,
            0.011375,
            0.004077,
            0.00127,
            0.000328,
            4.3e-05
        ],
        "Praggnanandhaa R": [
            0.013737,
            0.105895,
            0.161643,
            0.173383,
            0.169719,
            0.154938,
            0.13088,
            0.089805
        ],
        "Esipenko, Andrey": [
            0.002202,
            0.027937,
            0.068512,
            0.09844,
            0.128665,
            0.162276,
            0.208088,
            0.30388
        ],
        "Bluebaum, Matthias": [
            0.007901,
            0.083794,
            0.159844,
            0.168115,
            0.164117,
            0.15621,
            0.14523,
            0.114789
        ]
    },
    "game_probs": {
        "7": {
            "Esipenko, Andrey|Wei, Yi": [
                0.330981,
                0.300059,
                0.36896
            ],
            "Sindarov, Javokhir|Giri, Anish": [
                0.538859,
                0.247607,
                0.213534
            ],
            "Bluebaum, Matthias|Nakamura, Hikaru": [
                0.371378,
                0.339967,
                0.288655
            ],
            "Praggnanandhaa R|Caruana, Fabiano": [
                0.372892,
                0.280564,
                0.346544
            ]
        },
        "8": {
            "Esipenko, Andrey|Sindarov, Javokhir": [
                0.23279,
                0.238769,
                0.528441
            ],
            "Wei, Yi|Bluebaum, Matthias": [
                0.393327,
                0.31282,
                0.293853
            ],
            "Giri, Anish|Praggnanandhaa R": [
                0.39396,
                0.372441,
                0.233599
            ],
            "Nakamura, Hikaru|Caruana, Fabiano": [
                0.388996,
                0.291512,
                0.319492
            ]
        },
        "9": {
            "Nakamura, Hikaru|Esipenko, Andrey": [
                0.443377,
                0.301918,
                0.254705
            ],
            "Caruana, Fabiano|Giri, Anish": [
                0.571809,
                0.218491,
                0.2097
            ],
            "Praggnanandhaa R|Wei, Yi": [
                0.397021,
                0.265994,
                0.336985
            ],
            "Bluebaum, Matthias|Sindarov, Javokhir": [
                0.284363,
                0.263974,
                0.451663
            ]
        },
        "10": {
            "Esipenko, Andrey|Bluebaum, Matthias": [
                0.355308,
                0.284339,
                0.360353
            ],
            "Sindarov, Javokhir|Praggnanandhaa R": [
                0.538891,
                0.267664,
                0.193445
            ],
            "Wei, Yi|Caruana, Fabiano": [
                0.376198,
                0.281795,
                0.342007
            ],
            "Giri, Anish|Nakamura, Hikaru": [
                0.381732,
                0.331679,
                0.286589
            ]
        },
        "11": {
            "Giri, Anish|Esipenko, Andrey": [
                0.42682,
                0.320797,
                0.252383
            ],
            "Nakamura, Hikaru|Wei, Yi": [
                0.417378,
                0.285858,
                0.29676399999999997
            ],
            "Caruana, Fabiano|Sindarov, Javokhir": [
                0.446854,
                0.216629,
                0.336517
            ],
            "Praggnanandhaa R|Bluebaum, Matthias": [
                0.398674,
                0.268042,
                0.333284
            ]
        },
        "12": {
            "Esipenko, Andrey|Praggnanandhaa R": [
                0.369927,
                0.297678,
                0.332395
            ],
            "Bluebaum, Matthias|Caruana, Fabiano": [
                0.380033,
                0.289433,
                0.330534
            ],
            "Sindarov, Javokhir|Nakamura, Hikaru": [
                0.514114,
                0.250459,
                0.235427
            ],
            "Wei, Yi|Giri, Anish": [
                0.402131,
                0.271527,
                0.326342
            ]
        },
        "13": {
            "Wei, Yi|Esipenko, Andrey": [
                0.431845,
                0.286774,
                0.281381
            ],
            "Giri, Anish|Sindarov, Javokhir": [
                0.299117,
                0.244248,
                0.456635
            ],
            "Nakamura, Hikaru|Bluebaum, Matthias": [
                0.425871,
                0.275077,
                0.299052
            ],
            "Caruana, Fabiano|Praggnanandhaa R": [
                0.582979,
                0.235914,
                0.181107
            ]
        },
        "14": {
            "Esipenko, Andrey|Caruana, Fabiano": [
                0.338436,
                0.251636,
                0.409928
            ],
            "Praggnanandhaa R|Nakamura, Hikaru": [
                0.384811,
                0.261406,
                0.353783
            ],
            "Bluebaum, Matthias|Giri, Anish": [
                0.408202,
                0.274497,
                0.317301
            ],
            "Sindarov, Javokhir|Wei, Yi": [
                0.53147,
                0.235947,
                0.232583
            ]
        }
    }
}
