{
    "metadata": {
        "time_seconds": 19.243375051
    },
    "winner_probs": {
        "Nakamura, Hikaru": 0.009834,
        "Caruana, Fabiano": 0.281467,
        "Wei, Yi": 0.019813,
        "Giri, Anish": 0.036421,
        "Sindarov, Javokhir": 0.6224,
        "Praggnanandhaa R": 0.018795,
        "Esipenko, Andrey": 0.002248,
        "Bluebaum, Matthias": 0.009022
    },
    "expected_points": {
        "Nakamura, Hikaru": 6.2133035,
        "Caruana, Fabiano": 8.530188,
        "Wei, Yi": 6.5259565,
        "Giri, Anish": 6.9377145,
        "Sindarov, Javokhir": 9.40213,
        "Praggnanandhaa R": 6.5850005,
        "Esipenko, Andrey": 5.4830015,
        "Bluebaum, Matthias": 6.3227055
    },
    "rank_matrix": {
        "Nakamura, Hikaru": [
            0.009834,
            0.037517,
            0.100836,
            0.135557,
            0.159161,
            0.178346,
            0.195446,
            0.183303
        ],
        "Caruana, Fabiano": [
            0.281467,
            0.372018,
            0.165305,
            0.08765,
            0.048585,
            0.026939,
            0.013039,
            0.004997
        ],
        "Wei, Yi": [
            0.019813,
            0.070305,
            0.142353,
            0.169595,
            0.173833,
            0.16561,
            0.144953,
            0.113538
        ],
        "Giri, Anish": [
            0.036421,
            0.119444,
            0.204296,
            0.186847,
            0.160811,
            0.132546,
            0.100025,
            0.05961
        ],
        "Sindarov, Javokhir": [
            0.6224,
            0.249667,
            0.075805,
            0.031226,
            0.013304,
            0.005374,
            0.00184,
            0.000384
        ],
        "Praggnanandhaa R": [
            0.018795,
            0.078942,
            0.143911,
            0.167156,
            0.172844,
            0.165855,
            0.147649,
            0.104848
        ],
        "Esipenko, Andrey": [
            0.002248,
            0.015872,
            0.041863,
            0.070462,
            0.103762,
            0.149107,
            0.223777,
            0.392909
        ],
        "Bluebaum, Matthias": [
            0.009022,
            0.056235,
            0.125631,
            0.151507,
            0.1677,
            0.176223,
            0.173271,
            0.140411
        ]
    },
    "game_probs": {
        "6": {
            "Caruana, Fabiano|Esipenko, Andrey": [
                0.43649,
                0.405492,
                0.158018
            ],
            "Nakamura, Hikaru|Praggnanandhaa R": [
                0.317932,
                0.480661,
                0.201407
            ],
            "Giri, Anish|Bluebaum, Matthias": [
                0.288714,
                0.487477,
                0.223809
            ],
            "Wei, Yi|Sindarov, Javokhir": [
                0.230637,
                0.472747,
                0.296616
            ]
        },
        "7": {
            "Esipenko, Andrey|Wei, Yi": [
                0.236789,
                0.461529,
                0.301682
            ],
            "Sindarov, Javokhir|Giri, Anish": [
                0.340285,
                0.437285,
                0.22243
            ],
            "Bluebaum, Matthias|Nakamura, Hikaru": [
                0.239009,
                0.490558,
                0.270433
            ],
            "Praggnanandhaa R|Caruana, Fabiano": [
                0.225864,
                0.446931,
                0.327205
            ]
        },
        "8": {
            "Esipenko, Andrey|Sindarov, Javokhir": [
                0.20083,
                0.430284,
                0.368886
            ],
            "Wei, Yi|Bluebaum, Matthias": [
                0.299036,
                0.471101,
                0.229863
            ],
            "Giri, Anish|Praggnanandhaa R": [
                0.302115,
                0.489396,
                0.208489
            ],
            "Nakamura, Hikaru|Caruana, Fabiano": [
                0.273343,
                0.453813,
                0.272844
            ]
        },
        "9": {
            "Nakamura, Hikaru|Esipenko, Andrey": [
                0.351068,
                0.443482,
                0.20545
            ],
            "Caruana, Fabiano|Giri, Anish": [
                0.39247,
                0.395822,
                0.211708
            ],
            "Praggnanandhaa R|Wei, Yi": [
                0.263568,
                0.438011,
                0.298421
            ],
            "Bluebaum, Matthias|Sindarov, Javokhir": [
                0.226828,
                0.451791,
                0.32138099999999997
            ]
        },
        "10": {
            "Esipenko, Andrey|Bluebaum, Matthias": [
                0.255856,
                0.454578,
                0.289566
            ],
            "Sindarov, Javokhir|Praggnanandhaa R": [
                0.365125,
                0.44614,
                0.18873500000000001
            ],
            "Wei, Yi|Caruana, Fabiano": [
                0.257458,
                0.466153,
                0.276389
            ],
            "Giri, Anish|Nakamura, Hikaru": [
                0.256177,
                0.487437,
                0.256386
            ]
        },
        "11": {
            "Giri, Anish|Esipenko, Andrey": [
                0.318145,
                0.473245,
                0.20861
            ],
            "Nakamura, Hikaru|Wei, Yi": [
                0.300151,
                0.45874,
                0.241109
            ],
            "Caruana, Fabiano|Sindarov, Javokhir": [
                0.34503,
                0.392572,
                0.262398
            ],
            "Praggnanandhaa R|Bluebaum, Matthias": [
                0.271398,
                0.449122,
                0.27948
            ]
        },
        "12": {
            "Esipenko, Andrey|Praggnanandhaa R": [
                0.256575,
                0.48439,
                0.259035
            ],
            "Bluebaum, Matthias|Caruana, Fabiano": [
                0.236026,
                0.477457,
                0.286517
            ],
            "Sindarov, Javokhir|Nakamura, Hikaru": [
                0.314158,
                0.453267,
                0.232575
            ],
            "Wei, Yi|Giri, Anish": [
                0.278187,
                0.473612,
                0.248201
            ]
        },
        "13": {
            "Wei, Yi|Esipenko, Andrey": [
                0.315441,
                0.48249,
                0.202069
            ],
            "Giri, Anish|Sindarov, Javokhir": [
                0.246369,
                0.441198,
                0.312433
            ],
            "Nakamura, Hikaru|Bluebaum, Matthias": [
                0.310318,
                0.46296,
                0.226722
            ],
            "Caruana, Fabiano|Praggnanandhaa R": [
                0.404009,
                0.422347,
                0.173644
            ]
        },
        "14": {
            "Esipenko, Andrey|Caruana, Fabiano": [
                0.214701,
                0.452717,
                0.332582
            ],
            "Praggnanandhaa R|Nakamura, Hikaru": [
                0.231784,
                0.465155,
                0.303061
            ],
            "Bluebaum, Matthias|Giri, Anish": [
                0.257207,
                0.483347,
                0.259446
            ],
            "Sindarov, Javokhir|Wei, Yi": [
                0.334123,
                0.448166,
                0.217711
            ]
        }
    }
}
