{
    "expected_points": {
        "Bluebaum, Matthias": 6.22567,
        "Caruana, Fabiano": 8.269615,
        "Esipenko, Andrey": 5.88811,
        "Giri, Anish": 6.196145,
        "Nakamura, Hikaru": 7.05814,
        "Praggnanandhaa R": 7.541115,
        "Sindarov, Javokhir": 7.794335,
        "Wei, Yi": 7.02687
    },
    "game_probs": {
        "10": {
            "Esipenko, Andrey|Bluebaum, Matthias": [
                0.3557,
                0.36295,
                0.28135
            ],
            "Giri, Anish|Nakamura, Hikaru": [
                0.31541,
                0.35715,
                0.32744
            ],
            "Sindarov, Javokhir|Praggnanandhaa R": [
                0.39459,
                0.33845,
                0.26696
            ],
            "Wei, Yi|Caruana, Fabiano": [
                0.30431,
                0.36426,
                0.33143
            ]
        },
        "11": {
            "Caruana, Fabiano|Sindarov, Javokhir": [
                0.40632,
                0.32993,
                0.26375
            ],
            "Giri, Anish|Esipenko, Andrey": [
                0.3936,
                0.34858,
                0.25782
            ],
            "Nakamura, Hikaru|Wei, Yi": [
                0.37872,
                0.36757,
                0.25371
            ],
            "Praggnanandhaa R|Bluebaum, Matthias": [
                0.41311,
                0.35004,
                0.23685
            ]
        },
        "12": {
            "Bluebaum, Matthias|Caruana, Fabiano": [
                0.24975,
                0.3809,
                0.36935
            ],
            "Esipenko, Andrey|Praggnanandhaa R": [
                0.30562,
                0.37019,
                0.32419
            ],
            "Sindarov, Javokhir|Nakamura, Hikaru": [
                0.3651,
                0.3461,
                0.2888
            ],
            "Wei, Yi|Giri, Anish": [
                0.3742,
                0.37329,
                0.25251
            ]
        },
        "13": {
            "Caruana, Fabiano|Praggnanandhaa R": [
                0.40736,
                0.34924,
                0.2434
            ],
            "Giri, Anish|Sindarov, Javokhir": [
                0.31057,
                0.37206,
                0.31737
            ],
            "Nakamura, Hikaru|Bluebaum, Matthias": [
                0.42494,
                0.36752,
                0.20754
            ],
            "Wei, Yi|Esipenko, Andrey": [
                0.40034,
                0.36291,
                0.23675
            ]
        },
        "14": {
            "Bluebaum, Matthias|Giri, Anish": [
                0.3131,
                0.39314,
                0.29376
            ],
            "Esipenko, Andrey|Caruana, Fabiano": [
                0.26376,
                0.37317,
                0.36307
            ],
            "Praggnanandhaa R|Nakamura, Hikaru": [
                0.33534,
                0.36487,
                0.29979
            ],
            "Sindarov, Javokhir|Wei, Yi": [
                0.35654,
                0.38682,
                0.25664
            ]
        },
        "2": {
            "Esipenko, Andrey|Nakamura, Hikaru": [
                0.2805,
                0.44188,
                0.27762
            ],
            "Giri, Anish|Caruana, Fabiano": [
                0.20557,
                0.50191,
                0.29252
            ],
            "Sindarov, Javokhir|Bluebaum, Matthias": [
                0.42319,
                0.43964,
                0.13717
            ],
            "Wei, Yi|Praggnanandhaa R": [
                0.25777,
                0.53092,
                0.21131
            ]
        },
        "3": {
            "Bluebaum, Matthias|Esipenko, Andrey": [
                0.30209,
                0.46274,
                0.23517
            ],
            "Caruana, Fabiano|Wei, Yi": [
                0.35407,
                0.45517,
                0.19076
            ],
            "Nakamura, Hikaru|Giri, Anish": [
                0.40643,
                0.40409,
                0.18948
            ],
            "Praggnanandhaa R|Sindarov, Javokhir": [
                0.30864,
                0.44347,
                0.24789
            ]
        },
        "4": {
            "Bluebaum, Matthias|Praggnanandhaa R": [
                0.24383,
                0.47652,
                0.27965
            ],
            "Esipenko, Andrey|Giri, Anish": [
                0.32172,
                0.3951,
                0.28318
            ],
            "Sindarov, Javokhir|Caruana, Fabiano": [
                0.30689,
                0.41658,
                0.27653
            ],
            "Wei, Yi|Nakamura, Hikaru": [
                0.29653,
                0.42003,
                0.28344
            ]
        },
        "5": {
            "Caruana, Fabiano|Bluebaum, Matthias": [
                0.44626,
                0.38405,
                0.16969
            ],
            "Giri, Anish|Wei, Yi": [
                0.28411,
                0.45103,
                0.26486
            ],
            "Nakamura, Hikaru|Sindarov, Javokhir": [
                0.34985,
                0.41703,
                0.23312
            ],
            "Praggnanandhaa R|Esipenko, Andrey": [
                0.42896,
                0.35457,
                0.21647
            ]
        },
        "6": {
            "Caruana, Fabiano|Esipenko, Andrey": [
                0.48884,
                0.32576,
                0.1854
            ],
            "Giri, Anish|Bluebaum, Matthias": [
                0.36666,
                0.3973,
                0.23604
            ],
            "Nakamura, Hikaru|Praggnanandhaa R": [
                0.38288,
                0.39098,
                0.22614
            ],
            "Wei, Yi|Sindarov, Javokhir": [
                0.30898,
                0.40964,
                0.28138
            ]
        },
        "7": {
            "Bluebaum, Matthias|Nakamura, Hikaru": [
                0.26673,
                0.37903,
                0.35424
            ],
            "Esipenko, Andrey|Wei, Yi": [
                0.2792,
                0.40869,
                0.31211
            ],
            "Praggnanandhaa R|Caruana, Fabiano": [
                0.31133,
                0.37284,
                0.31583
            ],
            "Sindarov, Javokhir|Giri, Anish": [
                0.42746,
                0.33324,
                0.2393
            ]
        },
        "8": {
            "Esipenko, Andrey|Sindarov, Javokhir": [
                0.29226,
                0.3642,
                0.34354
            ],
            "Giri, Anish|Praggnanandhaa R": [
                0.33149,
                0.37285,
                0.29566
            ],
            "Nakamura, Hikaru|Caruana, Fabiano": [
                0.34659,
                0.36329,
                0.29012
            ],
            "Wei, Yi|Bluebaum, Matthias": [
                0.39097,
                0.37896,
                0.23007
            ]
        },
        "9": {
            "Bluebaum, Matthias|Sindarov, Javokhir": [
                0.2765,
                0.37713,
                0.34637
            ],
            "Caruana, Fabiano|Giri, Anish": [
                0.462,
                0.31473,
                0.22327
            ],
            "Nakamura, Hikaru|Esipenko, Andrey": [
                0.46774,
                0.31978,
                0.21248
            ],
            "Praggnanandhaa R|Wei, Yi": [
                0.35596,
                0.36599,
                0.27805
            ]
        }
    },