{
    "metadata": {
        "time_seconds": 23.213313591
    },
    "winner_probs": {
        "Nakamura, Hikaru": 0.086984,
        "Caruana, Fabiano": 0.333416,
        "Wei, Yi": 0.100832,
        "Giri, Anish": 0.045511,
        "Sindarov, Javokhir": 0.229989,
        "Praggnanandhaa R": 0.106079,
        "Esipenko, Andrey": 0.022978,
        "Bluebaum, Matthias": 0.074211
    },
    "expected_points": {
        "Nakamura, Hikaru": 6.8209725,
        "Caruana, Fabiano": 8.122661,
        "Wei, Yi": 6.996778,
        "Giri, Anish": 6.41707,
        "Sindarov, Javokhir": 7.7582055,
        "Praggnanandhaa R": 7.0722585,
        "Esipenko, Andrey": 5.932425,
        "Bluebaum, Matthias": 6.8796295
    },
    "rank_matrix": {
        "Nakamura, Hikaru": [
            0.086984,
            0.102167,
            0.123897,
            0.133556,
            0.139091,
            0.143436,
            0.143854,
            0.127015
        ],
        "Caruana, Fabiano": [
            0.333416,
            0.199166,
            0.147492,
            0.110923,
            0.083513,
            0.061374,
            0.041559,
            0.022557
        ],
        "Wei, Yi": [
            0.100832,
            0.12664,
            0.137169,
            0.140761,
            0.139632,
            0.133264,
            0.122188,
            0.099514
        ],
        "Giri, Anish": [
            0.045511,
            0.079232,
            0.099305,
            0.117741,
            0.136674,
            0.155638,
            0.174646,
            0.191253
        ],
        "Sindarov, Javokhir": [
            0.229989,
            0.187979,
            0.155379,
            0.129548,
            0.107063,
            0.086114,
            0.064741,
            0.039187
        ],
        "Praggnanandhaa R": [
            0.106079,
            0.13356,
            0.13895,
            0.141091,
            0.138265,
            0.131116,
            0.118315,
            0.092624
        ],
        "Esipenko, Andrey": [
            0.022978,
            0.045946,
            0.065337,
            0.086907,
            0.11394,
            0.148551,
            0.201748,
            0.314593
        ],
        "Bluebaum, Matthias": [
            0.074211,
            0.12531,
            0.132471,
            0.139473,
            0.141822,
            0.140507,
            0.132949,
            0.113257
        ]
    },
    "game_probs": {
        "3": {
            "Bluebaum, Matthias|Esipenko, Andrey": [
                0.305124,
                0.491682,
                0.203194
            ],
            "Praggnanandhaa R|Sindarov, Javokhir": [
                0.220592,
                0.498054,
                0.281354
            ],
            "Caruana, Fabiano|Wei, Yi": [
                0.31633,
                0.487792,
                0.195878
            ],
            "Nakamura, Hikaru|Giri, Anish": [
                0.315996,
                0.479097,
                0.204907
            ]
        },
        "4": {
            "Esipenko, Andrey|Giri, Anish": [
                0.247414,
                0.482336,
                0.27025
            ],
            "Wei, Yi|Nakamura, Hikaru": [
                0.25446,
                0.496112,
                0.249428
            ],
            "Sindarov, Javokhir|Caruana, Fabiano": [
                0.252095,
                0.505486,
                0.242419
            ],
            "Bluebaum, Matthias|Praggnanandhaa R": [
                0.281794,
                0.508466,
                0.20974
            ]
        },
        "5": {
            "Praggnanandhaa R|Esipenko, Andrey": [
                0.31216699999999997,
                0.454841,
                0.232992
            ],
            "Caruana, Fabiano|Bluebaum, Matthias": [
                0.332644,
                0.479077,
                0.188279
            ],
            "Nakamura, Hikaru|Sindarov, Javokhir": [
                0.272543,
                0.48934,
                0.238117
            ],
            "Giri, Anish|Wei, Yi": [
                0.259082,
                0.500369,
                0.240549
            ]
        },
        "6": {
            "Caruana, Fabiano|Esipenko, Andrey": [
                0.404328,
                0.42096,
                0.174712
            ],
            "Nakamura, Hikaru|Praggnanandhaa R": [
                0.337134,
                0.473185,
                0.189681
            ],
            "Giri, Anish|Bluebaum, Matthias": [
                0.277704,
                0.491214,
                0.231082
            ],
            "Wei, Yi|Sindarov, Javokhir": [
                0.252509,
                0.484546,
                0.262945
            ]
        },
        "7": {
            "Esipenko, Andrey|Wei, Yi": [
                0.230435,
                0.480429,
                0.289136
            ],
            "Sindarov, Javokhir|Giri, Anish": [
                0.337398,
                0.442674,
                0.219928
            ],
            "Bluebaum, Matthias|Nakamura, Hikaru": [
                0.25378,
                0.465711,
                0.280509
            ],
            "Praggnanandhaa R|Caruana, Fabiano": [
                0.217796,
                0.464431,
                0.317773
            ]
        },
        "8": {
            "Esipenko, Andrey|Sindarov, Javokhir": [
                0.223767,
                0.462554,
                0.313679
            ],
            "Wei, Yi|Bluebaum, Matthias": [
                0.287852,
                0.474394,
                0.237754
            ],
            "Giri, Anish|Praggnanandhaa R": [
                0.313807,
                0.470991,
                0.215202
            ],
            "Nakamura, Hikaru|Caruana, Fabiano": [
                0.267782,
                0.466017,
                0.266201
            ]
        },
        "9": {
            "Nakamura, Hikaru|Esipenko, Andrey": [
                0.38118,
                0.417838,
                0.200982
            ],
            "Caruana, Fabiano|Giri, Anish": [
                0.370434,
                0.41527,
                0.214296
            ],
            "Praggnanandhaa R|Wei, Yi": [
                0.26284,
                0.440659,
                0.296501
            ],
            "Bluebaum, Matthias|Sindarov, Javokhir": [
                0.253646,
                0.450818,
                0.295536
            ]
        },
        "10": {
            "Esipenko, Andrey|Bluebaum, Matthias": [
                0.253996,
                0.462786,
                0.283218
            ],
            "Sindarov, Javokhir|Praggnanandhaa R": [
                0.357719,
                0.442944,
                0.199337
            ],
            "Wei, Yi|Caruana, Fabiano": [
                0.246672,
                0.463101,
                0.290227
            ],
            "Giri, Anish|Nakamura, Hikaru": [
                0.272409,
                0.458399,
                0.269192
            ]
        },
        "11": {
            "Giri, Anish|Esipenko, Andrey": [
                0.344393,
                0.436382,
                0.219225
            ],
            "Nakamura, Hikaru|Wei, Yi": [
                0.311677,
                0.443847,
                0.244476
            ],
            "Caruana, Fabiano|Sindarov, Javokhir": [
                0.331187,
                0.422216,
                0.246597
            ],
            "Praggnanandhaa R|Bluebaum, Matthias": [
                0.277814,
                0.440518,
                0.281668
            ]
        },
        "12": {
            "Esipenko, Andrey|Praggnanandhaa R": [
                0.275198,
                0.471215,
                0.253587
            ],