{
    "metadata": {
        "time_seconds": 15.293037083
    },
    "winner_probs": {
        "Nakamura, Hikaru": 0.007515,
        "Caruana, Fabiano": 0.083021,
        "Wei, Yi": 0.005592,
        "Giri, Anish": 0.039694,
        "Sindarov, Javokhir": 0.858495,
        "Praggnanandhaa R": 0.00242,
        "Esipenko, Andrey": 4.3e-05,
        "Bluebaum, Matthias": 0.00322
    },
    "expected_points": {
        "Nakamura, Hikaru": 6.6359325,
        "Caruana, Fabiano": 7.8095695,
        "Wei, Yi": 6.488555,
        "Giri, Anish": 7.45063,
        "Sindarov, Javokhir": 9.738559,
        "Praggnanandhaa R": 6.2275455,
        "Esipenko, Andrey": 5.2422135,
        "Bluebaum, Matthias": 6.406995
    },
    "rank_matrix": {
        "Nakamura, Hikaru": [
            0.007515,
            0.071955,
            0.150309,
            0.189876,
            0.18716,
            0.173103,
            0.145013,
            0.075069
        ],
        "Caruana, Fabiano": [
            0.083021,
            0.380347,
            0.238045,
            0.138789,
            0.082349,
            0.047482,
            0.023165,
            0.006802
        ],
        "Wei, Yi": [
            0.005592,
            0.054218,
            0.107685,
            0.151467,
            0.181432,
            0.194142,
            0.187822,
            0.117642
        ],
        "Giri, Anish": [
            0.039694,
            0.281726,
            0.259978,
            0.179006,
            0.117996,
            0.073523,
            0.037305,
            0.010772
        ],
        "Sindarov, Javokhir": [
            0.858495,
            0.10555200000000001,
            0.026314,
            0.007128,
            0.001963,
            0.00047,
            7.7e-05,
            1e-06
        ],
        "Praggnanandhaa R": [
            0.00242,
            0.036671,
            0.08312,
            0.133836,
            0.171667,
            0.19967,
            0.222331,
            0.150285
        ],
        "Esipenko, Andrey": [
            4.3e-05,
            0.00379,
            0.014706,
            0.035034,
            0.066482,
            0.117881,
            0.214333,
            0.547731
        ],
        "Bluebaum, Matthias": [
            0.00322,
            0.065741,
            0.119843,
            0.164864,
            0.190951,
            0.193729,
            0.169954,
            0.091698
        ]
    },
    "game_probs": {
        "9": {
            "Nakamura, Hikaru|Esipenko, Andrey": [
                0.34865,
                0.455013,
                0.196337
            ],
            "Caruana, Fabiano|Giri, Anish": [
                0.384555,
                0.405151,
                0.210294
            ],
            "Praggnanandhaa R|Wei, Yi": [
                0.252905,
                0.438562,
                0.308533
            ],
            "Bluebaum, Matthias|Sindarov, Javokhir": [
                0.210231,
                0.462983,
                0.326786
            ]
        },
        "10": {
            "Esipenko, Andrey|Bluebaum, Matthias": [
                0.234309,
                0.479142,
                0.286549
            ],
            "Sindarov, Javokhir|Praggnanandhaa R": [
                0.365059,
                0.456192,
                0.178749
            ],
            "Wei, Yi|Caruana, Fabiano": [
                0.25626,
                0.470421,
                0.273319
            ],
            "Giri, Anish|Nakamura, Hikaru": [
                0.26473,
                0.491136,
                0.244134
            ]
        },
        "11": {
            "Giri, Anish|Esipenko, Andrey": [
                0.316409,
                0.486149,
                0.197442
            ],
            "Nakamura, Hikaru|Wei, Yi": [
                0.303228,
                0.451288,
                0.245484
            ],
            "Caruana, Fabiano|Sindarov, Javokhir": [
                0.326828,
                0.404287,
                0.268885
            ],
            "Praggnanandhaa R|Bluebaum, Matthias": [
                0.254781,
                0.483735,
                0.261484
            ]
        },
        "12": {
            "Esipenko, Andrey|Praggnanandhaa R": [
                0.252777,
                0.493816,
                0.253407
            ],
            "Bluebaum, Matthias|Caruana, Fabiano": [
                0.238796,
                0.495956,
                0.265248
            ],
            "Sindarov, Javokhir|Nakamura, Hikaru": [
                0.302229,
                0.47295,
                0.224821
            ],
            "Wei, Yi|Giri, Anish": [
                0.259639,
                0.486179,
                0.254182
            ]
        },
        "13": {
            "Wei, Yi|Esipenko, Andrey": [
                0.290648,
                0.500727,
                0.208625
            ],
            "Giri, Anish|Sindarov, Javokhir": [
                0.24669,
                0.443027,
                0.310283
            ],
            "Nakamura, Hikaru|Bluebaum, Matthias": [
                0.308081,
                0.480776,
                0.211143
            ],
            "Caruana, Fabiano|Praggnanandhaa R": [
                0.397488,
                0.439048,
                0.163464
            ]
        },
        "14": {
            "Esipenko, Andrey|Caruana, Fabiano": [
                0.213986,
                0.462628,
                0.323386
            ],
            "Praggnanandhaa R|Nakamura, Hikaru": [
                0.226106,
                0.484914,
                0.28898
            ],
            "Bluebaum, Matthias|Giri, Anish": [
                0.246159,
                0.502674,
                0.251167
            ],
            "Sindarov, Javokhir|Wei, Yi": [
                0.320834,
                0.449527,
                0.229639
            ]
        }
    }
}
