{
    "metadata": {
        "time_seconds": 25.146902319
    },
    "winner_probs": {
        "Nakamura, Hikaru": 0.17295,
        "Caruana, Fabiano": 0.216035,
        "Wei, Yi": 0.127168,
        "Giri, Anish": 0.107588,
        "Sindarov, Javokhir": 0.171096,
        "Praggnanandhaa R": 0.05078,
        "Esipenko, Andrey": 0.055727,
        "Bluebaum, Matthias": 0.098656
    },
    "expected_points": {
        "Nakamura, Hikaru": 7.45725,
        "Caruana, Fabiano": 7.7859955,
        "Wei, Yi": 7.10367,
        "Giri, Anish": 6.9408975,
        "Sindarov, Javokhir": 7.489415,
        "Praggnanandhaa R": 6.1170295,
        "Esipenko, Andrey": 6.2124205,
        "Bluebaum, Matthias": 6.893322
    },
    "rank_matrix": {
        "Nakamura, Hikaru": [
            0.17295,
            0.147362,
            0.14236,
            0.132677,
            0.12163,
            0.109994,
            0.09592,
            0.077107
        ],
        "Caruana, Fabiano": [
            0.216035,
            0.169284,
            0.147292,
            0.12784,
            0.110955,
            0.094334,
            0.076844,
            0.057416
        ],
        "Wei, Yi": [
            0.127168,
            0.130144,
            0.132762,
            0.131769,
            0.129014,
            0.125295,
            0.118091,
            0.105757
        ],
        "Giri, Anish": [
            0.107588,
            0.122502,
            0.126591,
            0.12995,
            0.132251,
            0.131355,
            0.129397,
            0.120366
        ],
        "Sindarov, Javokhir": [
            0.171096,
            0.154839,
            0.143038,
            0.132294,
            0.121047,
            0.108358,
            0.094625,
            0.074703
        ],
        "Praggnanandhaa R": [
            0.05078,
            0.072394,
            0.089324,
            0.106589,
            0.126283,
            0.149094,
            0.17928,
            0.226256
        ],
        "Esipenko, Andrey": [
            0.055727,
            0.079415,
            0.093654,
            0.10992,
            0.127036,
            0.148033,
            0.173503,
            0.212712
        ],
        "Bluebaum, Matthias": [
            0.098656,
            0.12406,
            0.124979,
            0.128961,
            0.131784,
            0.133537,
            0.13234,
            0.125683
        ]
    },
    "game_probs": {
        "1": {
            "Caruana, Fabiano|Nakamura, Hikaru": [
                0.424031,
                0.348208,
                0.227761
            ],
            "Praggnanandhaa R|Giri, Anish": [
                0.348437,
                0.355172,
                0.296391
            ],
            "Bluebaum, Matthias|Wei, Yi": [
                0.388091,
                0.351107,
                0.260802
            ],
            "Sindarov, Javokhir|Esipenko, Andrey": [
                0.490099,
                0.328853,
                0.181048
            ]
        },
        "2": {
            "Esipenko, Andrey|Nakamura, Hikaru": [
                0.330543,
                0.335115,
                0.334342
            ],
            "Giri, Anish|Caruana, Fabiano": [
                0.348662,
                0.355051,
                0.296287
            ],
            "Wei, Yi|Praggnanandhaa R": [
                0.472002,
                0.333508,
                0.19449
            ],
            "Sindarov, Javokhir|Bluebaum, Matthias": [
                0.449649,
                0.325216,
                0.225135
            ]
        },
        "3": {
            "Bluebaum, Matthias|Esipenko, Andrey": [
                0.464993,
                0.305379,
                0.229628
            ],
            "Praggnanandhaa R|Sindarov, Javokhir": [
                0.320346,
                0.33922,
                0.340434
            ],
            "Caruana, Fabiano|Wei, Yi": [
                0.467384,
                0.30442,
                0.228196
            ],
            "Nakamura, Hikaru|Giri, Anish": [
                0.451922,
                0.318513,
                0.229565
            ]
        },
        "4": {
            "Esipenko, Andrey|Giri, Anish": [
                0.381975,
                0.298469,
                0.319556
            ],
            "Wei, Yi|Nakamura, Hikaru": [
                0.405904,
                0.297678,
                0.296418
            ],
            "Sindarov, Javokhir|Caruana, Fabiano": [
                0.405556,
                0.30229,
                0.292154
            ],
            "Bluebaum, Matthias|Praggnanandhaa R": [
                0.480638,
                0.288696,
                0.230666
            ]
        },
        "5": {
            "Praggnanandhaa R|Esipenko, Andrey": [
                0.429377,
                0.283378,
                0.287245
            ],
            "Caruana, Fabiano|Bluebaum, Matthias": [
                0.486606,
                0.288765,
                0.224629
            ],
            "Nakamura, Hikaru|Sindarov, Javokhir": [
                0.421134,
                0.308334,
                0.270532
            ],
            "Giri, Anish|Wei, Yi": [
                0.421125,
                0.291923,
                0.286952
            ]
        },
        "6": {
            "Caruana, Fabiano|Esipenko, Andrey": [
                0.551714,
                0.240807,
                0.207479
            ],
            "Nakamura, Hikaru|Praggnanandhaa R": [
                0.526685,
                0.263364,
                0.209951
            ],
            "Giri, Anish|Bluebaum, Matthias": [
                0.44046,
                0.278697,
                0.280843
            ],
            "Wei, Yi|Sindarov, Javokhir": [
                0.410374,
                0.281425,
                0.308201
            ]
        },
        "7": {
            "Esipenko, Andrey|Wei, Yi": [
                0.383826,
                0.26941,
                0.346764
            ],
            "Sindarov, Javokhir|Giri, Anish": [
                0.484896,
                0.254204,
                0.2609
            ],
            "Bluebaum, Matthias|Nakamura, Hikaru": [
                0.407213,
                0.261052,
                0.331735
            ],
            "Praggnanandhaa R|Caruana, Fabiano": [
                0.330802,
                0.272699,
                0.396499
            ]
        },
        "8": {
            "Esipenko, Andrey|Sindarov, Javokhir": [
                0.363365,
                0.260494,
                0.376141
            ],
            "Wei, Yi|Bluebaum, Matthias": [
                0.461214,
                0.25382,
                0.284966
            ],
            "Giri, Anish|Praggnanandhaa R": [
                0.504893,
                0.247972,
                0.247135
            ],
            "Nakamura, Hikaru|Caruana, Fabiano": [
                0.426024,
                0.258651,
                0.315325
            ]
        },
        "9": {
            "Nakamura, Hikaru|Esipenko, Andrey": [
                0.537122,
                0.227656,
                0.235222
            ],
            "Caruana, Fabiano|Giri, Anish": [
                0.51123,
                0.233725,
                0.255045
            ],
            "Praggnanandhaa R|Wei, Yi": [
                0.389066,
                0.245153,
                0.365781
            ],
            "Bluebaum, Matthias|Sindarov, Javokhir": [
                0.413592,
                0.243124,
                0.343284
            ]
        },
        "10": {
            "Esipenko, Andrey|Bluebaum, Matthias": [
                0.407907,
                0.246178,
                0.345915
            ],