{
    "metadata": {
        "time_seconds": 25.327008205
    },
    "winner_probs": {
        "Nakamura, Hikaru": 0.091112,
        "Caruana, Fabiano": 0.324087,
        "Wei, Yi": 0.10944,
        "Giri, Anish": 0.047991,
        "Sindarov, Javokhir": 0.235446,
        "Praggnanandhaa R": 0.097011,
        "Esipenko, Andrey": 0.023335,
        "Bluebaum, Matthias": 0.071578
    },
    "expected_points": {
        "Nakamura, Hikaru": 6.8658275,
        "Caruana, Fabiano": 8.1542025,
        "Wei, Yi": 7.067412,
        "Giri, Anish": 6.394609,
        "Sindarov, Javokhir": 7.82861,
        "Praggnanandhaa R": 6.9955945,
        "Esipenko, Andrey": 5.885573,
        "Bluebaum, Matthias": 6.8081715
    },
    "rank_matrix": {
        "Nakamura, Hikaru": [
            0.091112,
            0.105562,
            0.128053,
            0.136391,
            0.139982,
            0.140587,
            0.136619,
            0.121694
        ],
        "Caruana, Fabiano": [
            0.324087,
            0.201661,
            0.148228,
            0.111986,
            0.084841,
            0.06252,
            0.042502,
            0.024175
        ],
        "Wei, Yi": [
            0.10944,
            0.13286,
            0.141264,
            0.14135,
            0.137333,
            0.129265,
            0.116671,
            0.091817
        ],
        "Giri, Anish": [
            0.047991,
            0.079716,
            0.099518,
            0.117392,
            0.136184,
            0.155125,
            0.175287,
            0.188787
        ],
        "Sindarov, Javokhir": [
            0.235446,
            0.190198,
            0.156111,
            0.12835,
            0.105546,
            0.084314,
            0.062676,
            0.037359
        ],
        "Praggnanandhaa R": [
            0.097011,
            0.126136,
            0.134674,
            0.139866,
            0.139429,
            0.136177,
            0.125699,
            0.101008
        ],
        "Esipenko, Andrey": [
            0.023335,
            0.046171,
            0.065984,
            0.088096,
            0.114844,
            0.148739,
            0.200432,
            0.312399
        ],
        "Bluebaum, Matthias": [
            0.071578,
            0.117696,
            0.126168,
            0.136569,
            0.141841,
            0.143273,
            0.140114,
            0.122761
        ]
    },
    "game_probs": {
        "2": {
            "Esipenko, Andrey|Nakamura, Hikaru": [
                0.217492,
                0.487649,
                0.294859
            ],
            "Giri, Anish|Caruana, Fabiano": [
                0.219511,
                0.516132,
                0.264357
            ],
            "Wei, Yi|Praggnanandhaa R": [
                0.300636,
                0.509237,
                0.190127
            ],
            "Sindarov, Javokhir|Bluebaum, Matthias": [
                0.312133,
                0.49014,
                0.19772700000000001
            ]
        },
        "3": {
            "Bluebaum, Matthias|Esipenko, Andrey": [
                0.304963,
                0.490219,
                0.204818
            ],
            "Praggnanandhaa R|Sindarov, Javokhir": [
                0.219239,
                0.496126,
                0.284635
            ],
            "Caruana, Fabiano|Wei, Yi": [
                0.314222,
                0.488461,
                0.197317
            ],
            "Nakamura, Hikaru|Giri, Anish": [
                0.315292,
                0.477376,
                0.207332
            ]
        },
        "4": {
            "Esipenko, Andrey|Giri, Anish": [
                0.253112,
                0.468498,
                0.27839
            ],
            "Wei, Yi|Nakamura, Hikaru": [
                0.267227,
                0.472731,
                0.260042
            ],
            "Sindarov, Javokhir|Caruana, Fabiano": [
                0.264966,
                0.481405,
                0.253629
            ],
            "Bluebaum, Matthias|Praggnanandhaa R": [
                0.289151,
                0.495941,
                0.214908
            ]
        },
        "5": {
            "Praggnanandhaa R|Esipenko, Andrey": [
                0.312914,
                0.451823,
                0.235263
            ],
            "Caruana, Fabiano|Bluebaum, Matthias": [
                0.342107,
                0.466307,
                0.191586
            ],
            "Nakamura, Hikaru|Sindarov, Javokhir": [
                0.273142,
                0.489136,
                0.237722
            ],
            "Giri, Anish|Wei, Yi": [
                0.265345,
                0.487199,
                0.247456
            ]
        },
        "6": {
            "Caruana, Fabiano|Esipenko, Andrey": [
                0.405585,
                0.418474,
                0.175941
            ],
            "Nakamura, Hikaru|Praggnanandhaa R": [
                0.346766,
                0.461679,
                0.191555
            ],
            "Giri, Anish|Bluebaum, Matthias": [
                0.292028,
                0.467612,
                0.24036
            ],
            "Wei, Yi|Sindarov, Javokhir": [
                0.25981,
                0.473168,
                0.267022
            ]
        },
        "7": {
            "Esipenko, Andrey|Wei, Yi": [
                0.235276,
                0.468163,
                0.296561
            ],
            "Sindarov, Javokhir|Giri, Anish": [
                0.34522,
                0.431736,
                0.223044
            ],
            "Bluebaum, Matthias|Nakamura, Hikaru": [
                0.2598,
                0.453528,
                0.286672
            ],
            "Praggnanandhaa R|Caruana, Fabiano": [
                0.222551,
                0.452064,
                0.325385
            ]
        },
        "8": {
            "Esipenko, Andrey|Sindarov, Javokhir": [
                0.227007,
                0.450981,
                0.322012
            ],
            "Wei, Yi|Bluebaum, Matthias": [
                0.303123,
                0.452435,
                0.244442
            ],
            "Giri, Anish|Praggnanandhaa R": [
                0.328009,
                0.449111,
                0.22288
            ],
            "Nakamura, Hikaru|Caruana, Fabiano": [
                0.273107,
                0.454782,
                0.272111
            ]
        },
        "9": {
            "Nakamura, Hikaru|Esipenko, Andrey": [
                0.381095,
                0.417026,
                0.201879
            ],
            "Caruana, Fabiano|Giri, Anish": [
                0.370976,
                0.415065,
                0.213959
            ],
            "Praggnanandhaa R|Wei, Yi": [
                0.262929,
                0.440329,
                0.296742
            ],
            "Bluebaum, Matthias|Sindarov, Javokhir": [
                0.254664,
                0.449842,
                0.295494
            ]
        },
        "10": {
            "Esipenko, Andrey|Bluebaum, Matthias": [
                0.262989,
                0.444006,
                0.293005
            ],
            "Sindarov, Javokhir|Praggnanandhaa R": [
                0.372099,
                0.423592,
                0.204309
            ],
            "Wei, Yi|Caruana, Fabiano": [
                0.257718,
                0.44267,
                0.299612
            ],
            "Giri, Anish|Nakamura, Hikaru": [
                0.278953,
                0.441267,
                0.27978
            ]
        },
        "11": {
            "Giri, Anish|Esipenko, Andrey": [
                0.347508,
                0.429248,
                0.223244
            ],