{
    "metadata": {
        "time_seconds": 15.710531682
    },
    "winner_probs": {
        "Nakamura, Hikaru": 0.003741,
        "Caruana, Fabiano": 0.152167,
        "Wei, Yi": 0.009864,
        "Giri, Anish": 0.015866,
        "Sindarov, Javokhir": 0.802083,
        "Praggnanandhaa R": 0.009665,
        "Esipenko, Andrey": 0.000309,
        "Bluebaum, Matthias": 0.006305
    },
    "expected_points": {
        "Nakamura, Hikaru": 6.035442,
        "Caruana, Fabiano": 8.428888,
        "Wei, Yi": 6.5030665,
        "Giri, Anish": 6.8864625,
        "Sindarov, Javokhir": 10.238791,
        "Praggnanandhaa R": 6.6286375,
        "Esipenko, Andrey": 4.902572,
        "Bluebaum, Matthias": 6.3761405
    },
    "rank_matrix": {
        "Nakamura, Hikaru": [
            0.003741,
            0.036964,
            0.092241,
            0.130162,
            0.162222,
            0.191022,
            0.217029,
            0.166619
        ],
        "Caruana, Fabiano": [
            0.152167,
            0.461727,
            0.189953,
            0.098218,
            0.054022,
            0.028223,
            0.012576,
            0.003114
        ],
        "Wei, Yi": [
            0.009864,
            0.067205,
            0.139593,
            0.165505,
            0.176027,
            0.176973,
            0.163521,
            0.101312
        ],
        "Giri, Anish": [
            0.015866,
            0.121575,
            0.213445,
            0.198435,
            0.170743,
            0.138684,
            0.098719,
            0.042533
        ],
        "Sindarov, Javokhir": [
            0.802083,
            0.15069,
            0.033563,
            0.009755,
            0.00297,
            0.000781,
            0.000152,
            6e-06
        ],
        "Praggnanandhaa R": [
            0.009665,
            0.084513,
            0.162361,
            0.18412,
            0.182548,
            0.169598,
            0.136868,
            0.070327
        ],
        "Esipenko, Andrey": [
            0.000309,
            0.006415,
            0.022754,
            0.044203,
            0.073633,
            0.12028,
            0.211352,
            0.521054
        ],
        "Bluebaum, Matthias": [
            0.006305,
            0.070911,
            0.14609,
            0.169602,
            0.177835,
            0.174439,
            0.159783,
            0.095035
        ]
    },
    "game_probs": {
        "8": {
            "Esipenko, Andrey|Sindarov, Javokhir": [
                0.167268,
                0.215186,
                0.617546
            ],
            "Wei, Yi|Bluebaum, Matthias": [
                0.379066,
                0.311232,
                0.309702
            ],
            "Giri, Anish|Praggnanandhaa R": [
                0.385343,
                0.372624,
                0.242033
            ],
            "Nakamura, Hikaru|Caruana, Fabiano": [
                0.373522,
                0.310756,
                0.315722
            ]
        },
        "9": {
            "Nakamura, Hikaru|Esipenko, Andrey": [
                0.443468,
                0.30359,
                0.252942
            ],
            "Caruana, Fabiano|Giri, Anish": [
                0.560021,
                0.230746,
                0.209233
            ],
            "Praggnanandhaa R|Wei, Yi": [
                0.366718,
                0.272023,
                0.361259
            ],
            "Bluebaum, Matthias|Sindarov, Javokhir": [
                0.275286,
                0.276647,
                0.448067
            ]
        },
        "10": {
            "Esipenko, Andrey|Bluebaum, Matthias": [
                0.325823,
                0.279424,
                0.394753
            ],
            "Sindarov, Javokhir|Praggnanandhaa R": [
                0.51661,
                0.287775,
                0.195615
            ],
            "Wei, Yi|Caruana, Fabiano": [
                0.36912,
                0.293931,
                0.336949
            ],
            "Giri, Anish|Nakamura, Hikaru": [
                0.372612,
                0.348847,
                0.278541
            ]
        },
        "11": {
            "Giri, Anish|Esipenko, Andrey": [
                0.427454,
                0.321155,
                0.251391
            ],
            "Nakamura, Hikaru|Wei, Yi": [
                0.395142,
                0.280045,
                0.324813
            ],
            "Caruana, Fabiano|Sindarov, Javokhir": [
                0.445993,
                0.215706,
                0.338301
            ],
            "Praggnanandhaa R|Bluebaum, Matthias": [
                0.392077,
                0.280277,
                0.327646
            ]
        },
        "12": {
            "Esipenko, Andrey|Praggnanandhaa R": [
                0.342756,
                0.291446,
                0.365798
            ],
            "Bluebaum, Matthias|Caruana, Fabiano": [
                0.362896,
                0.321795,
                0.315309
            ],
            "Sindarov, Javokhir|Nakamura, Hikaru": [
                0.486806,
                0.279105,
                0.234089
            ],
            "Wei, Yi|Giri, Anish": [
                0.386633,
                0.285349,
                0.328018
            ]
        },
        "13": {
            "Wei, Yi|Esipenko, Andrey": [
                0.432422,
                0.287082,
                0.280496
            ],
            "Giri, Anish|Sindarov, Javokhir": [
                0.297976,
                0.2457,
                0.456324
            ],
            "Nakamura, Hikaru|Bluebaum, Matthias": [
                0.42745,
                0.275528,
                0.297022
            ],
            "Caruana, Fabiano|Praggnanandhaa R": [
                0.58293,
                0.236903,
                0.180167
            ]
        },
        "14": {
            "Esipenko, Andrey|Caruana, Fabiano": [
                0.304901,
                0.256107,
                0.438992
            ],
            "Praggnanandhaa R|Nakamura, Hikaru": [
                0.372165,
                0.287081,
                0.340754
            ],
            "Bluebaum, Matthias|Giri, Anish": [
                0.384666,
                0.303436,
                0.311898
            ],
            "Sindarov, Javokhir|Wei, Yi": [
                0.4903,
                0.249555,
                0.260145
            ]
        }
    }
}
