{
    "metadata": {
        "time_seconds": 24.105960369
    },
    "winner_probs": {
        "Nakamura, Hikaru": 0.059239,
        "Caruana, Fabiano": 0.44113,
        "Wei, Yi": 0.038715,
        "Giri, Anish": 0.034274,
        "Sindarov, Javokhir": 0.320034,
        "Praggnanandhaa R": 0.039663,
        "Esipenko, Andrey": 0.016579,
        "Bluebaum, Matthias": 0.050366
    },
    "expected_points": {
        "Nakamura, Hikaru": 6.7649805,
        "Caruana, Fabiano": 8.617286,
        "Wei, Yi": 6.506518,
        "Giri, Anish": 6.4642935,
        "Sindarov, Javokhir": 8.2950635,
        "Praggnanandhaa R": 6.5472765,
        "Esipenko, Andrey": 5.9955345,
        "Bluebaum, Matthias": 6.8090475
    },
    "rank_matrix": {
        "Nakamura, Hikaru": [
            0.059239,
            0.099816,
            0.137796,
            0.148075,
            0.15046,
            0.147321,
            0.138879,
            0.118414
        ],
        "Caruana, Fabiano": [
            0.44113,
            0.234211,
            0.1345,
            0.082165,
            0.05132,
            0.03128,
            0.017637,
            0.007757
        ],
        "Wei, Yi": [
            0.038715,
            0.078019,
            0.114691,
            0.136106,
            0.148935,
            0.157591,
            0.162567,
            0.163376
        ],
        "Giri, Anish": [
            0.034274,
            0.085155,
            0.11707,
            0.137163,
            0.150674,
            0.157081,
            0.16113,
            0.157453
        ],
        "Sindarov, Javokhir": [
            0.320034,
            0.25376,
            0.159287,
            0.106766,
            0.070722,
            0.047096,
            0.028599,
            0.013736
        ],
        "Praggnanandhaa R": [
            0.039663,
            0.081359,
            0.116659,
            0.135808,
            0.14899,
            0.157929,
            0.161972,
            0.15762
        ],
        "Esipenko, Andrey": [
            0.016579,
            0.044555,
            0.073386,
            0.10114,
            0.128268,
            0.158512,
            0.199041,
            0.278519
        ],
        "Bluebaum, Matthias": [
            0.050366,
            0.123125,
            0.146611,
            0.152777,
            0.150631,
            0.14319,
            0.130175,
            0.103125
        ]
    },
    "game_probs": {
        "4": {
            "Esipenko, Andrey|Giri, Anish": [
                0.243291,
                0.492162,
                0.264547
            ],
            "Wei, Yi|Nakamura, Hikaru": [
                0.257856,
                0.492862,
                0.249282
            ],
            "Sindarov, Javokhir|Caruana, Fabiano": [
                0.252058,
                0.50777,
                0.240172
            ],
            "Bluebaum, Matthias|Praggnanandhaa R": [
                0.272291,
                0.518706,
                0.209003
            ]
        },
        "5": {
            "Praggnanandhaa R|Esipenko, Andrey": [
                0.300904,
                0.452773,
                0.246323
            ],
            "Caruana, Fabiano|Bluebaum, Matthias": [
                0.349691,
                0.466737,
                0.183572
            ],
            "Nakamura, Hikaru|Sindarov, Javokhir": [
                0.260135,
                0.489931,
                0.249934
            ],
            "Giri, Anish|Wei, Yi": [
                0.278477,
                0.484037,
                0.237486
            ]
        },
        "6": {
            "Caruana, Fabiano|Esipenko, Andrey": [
                0.41494,
                0.418038,
                0.167022
            ],
            "Nakamura, Hikaru|Praggnanandhaa R": [
                0.331151,
                0.481267,
                0.187582
            ],
            "Giri, Anish|Bluebaum, Matthias": [
                0.278959,
                0.489238,
                0.231803
            ],
            "Wei, Yi|Sindarov, Javokhir": [
                0.247482,
                0.471229,
                0.281289
            ]
        },
        "7": {
            "Esipenko, Andrey|Wei, Yi": [
                0.247767,
                0.466319,
                0.285914
            ],
            "Sindarov, Javokhir|Giri, Anish": [
                0.329216,
                0.454609,
                0.216175
            ],
            "Bluebaum, Matthias|Nakamura, Hikaru": [
                0.24844,
                0.473236,
                0.278324
            ],
            "Praggnanandhaa R|Caruana, Fabiano": [
                0.211719,
                0.451575,
                0.336706
            ]
        },
        "8": {
            "Esipenko, Andrey|Sindarov, Javokhir": [
                0.217307,
                0.451136,
                0.331557
            ],
            "Wei, Yi|Bluebaum, Matthias": [
                0.289936,
                0.470411,
                0.239653
            ],
            "Giri, Anish|Praggnanandhaa R": [
                0.316056,
                0.467573,
                0.216371
            ],
            "Nakamura, Hikaru|Caruana, Fabiano": [
                0.26162,
                0.476561,
                0.261819
            ]
        },
        "9": {
            "Nakamura, Hikaru|Esipenko, Andrey": [
                0.367567,
                0.435932,
                0.196501
            ],
            "Caruana, Fabiano|Giri, Anish": [
                0.38081,
                0.414768,
                0.204422
            ],
            "Praggnanandhaa R|Wei, Yi": [
                0.271236,
                0.421272,
                0.307492
            ],
            "Bluebaum, Matthias|Sindarov, Javokhir": [
                0.240871,
                0.450353,
                0.308776
            ]
        },
        "10": {
            "Esipenko, Andrey|Bluebaum, Matthias": [
                0.253626,
                0.46319,
                0.283184
            ],
            "Sindarov, Javokhir|Praggnanandhaa R": [
                0.356288,
                0.44474,
                0.198972
            ],
            "Wei, Yi|Caruana, Fabiano": [
                0.246983,
                0.464655,
                0.288362
            ],
            "Giri, Anish|Nakamura, Hikaru": [
                0.27052,
                0.460352,
                0.269128
            ]
        },
        "11": {
            "Giri, Anish|Esipenko, Andrey": [
                0.336193,
                0.446698,
                0.217109
            ],
            "Nakamura, Hikaru|Wei, Yi": [
                0.319338,
                0.44635,
                0.234312
            ],
            "Caruana, Fabiano|Sindarov, Javokhir": [
                0.340834,
                0.405351,
                0.253815
            ],
            "Praggnanandhaa R|Bluebaum, Matthias": [
                0.267888,
                0.436505,
                0.295607
            ]
        },
        "12": {
            "Esipenko, Andrey|Praggnanandhaa R": [
                0.273154,
                0.47594,
                0.250906
            ],
            "Bluebaum, Matthias|Caruana, Fabiano": [
                0.227748,
                0.470741,
                0.301511
            ],
            "Sindarov, Javokhir|Nakamura, Hikaru": [
                0.303854,
                0.44982,
                0.246326
            ],
            "Wei, Yi|Giri, Anish": [
                0.29135,
                0.471639,
                0.237011
            ]
        },
        "13": {
            "Wei, Yi|Esipenko, Andrey": [
                0.330137,
                0.459758,
                0.210105
            ],