{
    "metadata": {
        "time_seconds": 19.254906718
    },
    "winner_probs": {
        "Nakamura, Hikaru": 0.01237,
        "Caruana, Fabiano": 0.266639,
        "Wei, Yi": 0.025411,
        "Giri, Anish": 0.035246,
        "Sindarov, Javokhir": 0.624151,
        "Praggnanandhaa R": 0.020298,
        "Esipenko, Andrey": 0.002979,
        "Bluebaum, Matthias": 0.012906
    },
    "expected_points": {
        "Nakamura, Hikaru": 6.1402975,
        "Caruana, Fabiano": 8.723153,
        "Wei, Yi": 6.5022315,
        "Giri, Anish": 6.8213315,
        "Sindarov, Javokhir": 9.8022945,
        "Praggnanandhaa R": 6.4612585,
        "Esipenko, Andrey": 5.2574335,
        "Bluebaum, Matthias": 6.292
    },
    "rank_matrix": {
        "Nakamura, Hikaru": [
            0.01237,
            0.046394,
            0.10988,
            0.140074,
            0.158203,
            0.171796,
            0.18653,
            0.174753
        ],
        "Caruana, Fabiano": [
            0.266639,
            0.372074,
            0.169058,
            0.091099,
            0.051862,
            0.02951,
            0.014191,
            0.005567
        ],
        "Wei, Yi": [
            0.025411,
            0.077682,
            0.145026,
            0.167993,
            0.170485,
            0.159861,
            0.140082,
            0.11346
        ],
        "Giri, Anish": [
            0.035246,
            0.106179,
            0.18237,
            0.178855,
            0.164627,
            0.144088,
            0.115564,
            0.073071
        ],
        "Sindarov, Javokhir": [
            0.624151,
            0.233816,
            0.080112,
            0.035723,
            0.0163,
            0.007,
            0.002364,
            0.000534
        ],
        "Praggnanandhaa R": [
            0.020298,
            0.076709,
            0.132449,
            0.159702,
            0.169977,
            0.169547,
            0.156117,
            0.115201
        ],
        "Esipenko, Andrey": [
            0.002979,
            0.01922,
            0.045371,
            0.073129,
            0.106447,
            0.150538,
            0.220394,
            0.381922
        ],
        "Bluebaum, Matthias": [
            0.012906,
            0.067926,
            0.135734,
            0.153425,
            0.162099,
            0.16766,
            0.164758,
            0.135492
        ]
    },
    "game_probs": {
        "6": {
            "Caruana, Fabiano|Esipenko, Andrey": [
                0.654931,
                0.211403,
                0.133666
            ],
            "Nakamura, Hikaru|Praggnanandhaa R": [
                0.418707,
                0.324051,
                0.257242
            ],
            "Giri, Anish|Bluebaum, Matthias": [
                0.402683,
                0.325878,
                0.271439
            ],
            "Wei, Yi|Sindarov, Javokhir": [
                0.280819,
                0.301921,
                0.41726
            ]
        },
        "7": {
            "Esipenko, Andrey|Wei, Yi": [
                0.340922,
                0.301235,
                0.357843
            ],
            "Sindarov, Javokhir|Giri, Anish": [
                0.523442,
                0.251486,
                0.225072
            ],
            "Bluebaum, Matthias|Nakamura, Hikaru": [
                0.365524,
                0.338612,
                0.295864
            ],
            "Praggnanandhaa R|Caruana, Fabiano": [
                0.353337,
                0.282015,
                0.364648
            ]
        },
        "8": {
            "Esipenko, Andrey|Sindarov, Javokhir": [
                0.256442,
                0.249227,
                0.494331
            ],
            "Wei, Yi|Bluebaum, Matthias": [
                0.430113,
                0.295955,
                0.273932
            ],
            "Giri, Anish|Praggnanandhaa R": [
                0.433192,
                0.321275,
                0.245533
            ],
            "Nakamura, Hikaru|Caruana, Fabiano": [
                0.399076,
                0.276038,
                0.324886
            ]
        },
        "9": {
            "Nakamura, Hikaru|Esipenko, Andrey": [
                0.484612,
                0.263239,
                0.252149
            ],
            "Caruana, Fabiano|Giri, Anish": [
                0.595825,
                0.204809,
                0.199366
            ],
            "Praggnanandhaa R|Wei, Yi": [
                0.391167,
                0.265418,
                0.343415
            ],
            "Bluebaum, Matthias|Sindarov, Javokhir": [
                0.305221,
                0.271485,
                0.423294
            ]
        },
        "10": {
            "Esipenko, Andrey|Bluebaum, Matthias": [
                0.366692,
                0.26847,
                0.364838
            ],
            "Sindarov, Javokhir|Praggnanandhaa R": [
                0.551577,
                0.251073,
                0.19735
            ],
            "Wei, Yi|Caruana, Fabiano": [
                0.401659,
                0.280983,
                0.317358
            ],
            "Giri, Anish|Nakamura, Hikaru": [
                0.395671,
                0.306838,
                0.297491
            ]
        },
        "11": {
            "Giri, Anish|Esipenko, Andrey": [
                0.471042,
                0.278969,
                0.249989
            ],
            "Nakamura, Hikaru|Wei, Yi": [
                0.431745,
                0.264915,
                0.30334
            ],
            "Caruana, Fabiano|Sindarov, Javokhir": [
                0.498047,
                0.205178,
                0.296775
            ],
            "Praggnanandhaa R|Bluebaum, Matthias": [
                0.404229,
                0.254177,
                0.341594
            ]
        },
        "12": {
            "Esipenko, Andrey|Praggnanandhaa R": [
                0.383349,
                0.280426,
                0.336225
            ],
            "Bluebaum, Matthias|Caruana, Fabiano": [
                0.378028,
                0.286556,
                0.335416
            ],
            "Sindarov, Javokhir|Nakamura, Hikaru": [
                0.510802,
                0.248929,
                0.240269
            ],
            "Wei, Yi|Giri, Anish": [
                0.425548,
                0.271151,
                0.303301
            ]
        },
        "13": {
            "Wei, Yi|Esipenko, Andrey": [
                0.482288,
                0.267595,
                0.250117
            ],
            "Giri, Anish|Sindarov, Javokhir": [
                0.332564,
                0.239304,
                0.428132
            ],
            "Nakamura, Hikaru|Bluebaum, Matthias": [
                0.445505,
                0.250104,
                0.304391
            ],
            "Caruana, Fabiano|Praggnanandhaa R": [
                0.618246,
                0.208261,
                0.173493
            ]
        },
        "14": {
            "Esipenko, Andrey|Caruana, Fabiano": [
                0.340012,
                0.247627,
                0.412361
            ],
            "Praggnanandhaa R|Nakamura, Hikaru": [
                0.378856,
                0.260957,
                0.360187
            ],
            "Bluebaum, Matthias|Giri, Anish": [
                0.404139,
                0.274551,
                0.32131
            ],
            "Sindarov, Javokhir|Wei, Yi": [
                0.52881,
                0.23714,
                0.23405
            ]
        }
    }
}
