{
    "metadata": {
        "time_seconds": 12.742546744
    },
    "winner_probs": {
        "Erigaisi Arjun": 0.242915,
        "Praggnanandhaa R": 0.135104,
        "Abdusattorov, Nodirbek": 0.180383,
        "Nepomniachtchi, Ian": 0.016281,
        "Aravindh, Chithambaram VR.": 0.183016,
        "Rapport, Richard": 0.035961,
        "Sindarov, Javokhir": 0.16103,
        "Maghsoodloo, Parham": 0.017985,
        "Yakubboev, Nodirbek": 0.01469,
        "Vokhidov, Shamsiddin": 0.012635
    },
    "expected_points": {
        "Erigaisi Arjun": 5.412709,
        "Praggnanandhaa R": 4.997422,
        "Abdusattorov, Nodirbek": 5.1878605,
        "Nepomniachtchi, Ian": 3.7509435,
        "Aravindh, Chithambaram VR.": 5.226213,
        "Rapport, Richard": 4.1482,
        "Sindarov, Javokhir": 5.101942,
        "Maghsoodloo, Parham": 3.8143895,
        "Yakubboev, Nodirbek": 3.7309375,
        "Vokhidov, Shamsiddin": 3.629383
    },
    "rank_matrix": {
        "Erigaisi Arjun": [
            0.242915,
            0.179644,
            0.149194,
            0.12188,
            0.098051,
            0.075951,
            0.055952,
            0.03949,
            0.024815,
            0.012108
        ],
        "Praggnanandhaa R": [
            0.135104,
            0.151947,
            0.146668,
            0.135741,
            0.118821,
            0.100062,
            0.080361,
            0.061298,
            0.044195,
            0.025803
        ],
        "Abdusattorov, Nodirbek": [
            0.180383,
            0.15978,
            0.146268,
            0.130694,
            0.111785,
            0.091607,
            0.071711,
            0.053109,
            0.036001,
            0.018662
        ],
        "Nepomniachtchi, Ian": [
            0.016281,
            0.029923,
            0.04679,
            0.06486,
            0.08535,
            0.10743,
            0.130095,
            0.150779,
            0.173546,
            0.194946
        ],
        "Aravindh, Chithambaram VR.": [
            0.183016,
            0.179912,
            0.156971,
            0.132462,
            0.108136,
            0.084656,
            0.063885,
            0.045697,
            0.029637,
            0.015628
        ],
        "Rapport, Richard": [
            0.035961,
            0.060428,
            0.076438,
            0.093841,
            0.110633,
            0.125133,
            0.133814,
            0.133717,
            0.12552,
            0.104515
        ],
        "Sindarov, Javokhir": [
            0.16103,
            0.152062,
            0.14323,
            0.132052,
            0.115835,
            0.09679,
            0.07775,
            0.058941,
            0.040261,
            0.022049
        ],
        "Maghsoodloo, Parham": [
            0.017985,
            0.035114,
            0.051316,
            0.069667,
            0.090934,
            0.113125,
            0.133923,
            0.152489,
            0.165443,
            0.170004
        ],
        "Yakubboev, Nodirbek": [
            0.01469,
            0.027402,
            0.044398,
            0.062781,
            0.084269,
            0.106105,
            0.128097,
            0.152126,
            0.175301,
            0.204831
        ],
        "Vokhidov, Shamsiddin": [
            0.012635,
            0.023788,
            0.038727,
            0.056022,
            0.076186,
            0.099141,
            0.124412,
            0.152354,
            0.185281,
            0.231454
        ]
    },
    "game_probs": {
        "2": {
            "Praggnanandhaa R|Vokhidov, Shamsiddin": [
                0.374646,
                0.467031,
                0.158323
            ],
            "Sindarov, Javokhir|Abdusattorov, Nodirbek": [
                0.244391,
                0.519028,
                0.236581
            ],
            "Rapport, Richard|Nepomniachtchi, Ian": [
                0.253507,
                0.506249,
                0.240244
            ],
            "Erigaisi Arjun|Maghsoodloo, Parham": [
                0.392339,
                0.476187,
                0.131474
            ],
            "Aravindh, Chithambaram VR.|Yakubboev, Nodirbek": [
                0.375565,
                0.482935,
                0.1415
            ]
        },
        "3": {
            "Yakubboev, Nodirbek|Praggnanandhaa R": [
                0.184894,
                0.47865,
                0.336456
            ],
            "Maghsoodloo, Parham|Aravindh, Chithambaram VR.": [
                0.127392,
                0.477984,
                0.394624
            ],
            "Nepomniachtchi, Ian|Erigaisi Arjun": [
                0.193766,
                0.456041,
                0.350193
            ],
            "Abdusattorov, Nodirbek|Rapport, Richard": [
                0.333435,
                0.479254,
                0.187311
            ],
            "Vokhidov, Shamsiddin|Sindarov, Javokhir": [
                0.218597,
                0.47603,
                0.305373
            ]
        },
        "4": {
            "Praggnanandhaa R|Sindarov, Javokhir": [
                0.307561,
                0.467784,
                0.224655
            ],
            "Rapport, Richard|Vokhidov, Shamsiddin": [
                0.299343,
                0.45951,
                0.241147
            ],
            "Erigaisi Arjun|Abdusattorov, Nodirbek": [
                0.294987,
                0.488627,
                0.216386
            ],
            "Aravindh, Chithambaram VR.|Nepomniachtchi, Ian": [
                0.379319,
                0.464506,
                0.156175
            ],
            "Yakubboev, Nodirbek|Maghsoodloo, Parham": [
                0.323796,
                0.458944,
                0.21726
            ]
        },
        "5": {
            "Maghsoodloo, Parham|Praggnanandhaa R": [
                0.159421,
                0.470566,
                0.370013
            ],
            "Nepomniachtchi, Ian|Yakubboev, Nodirbek": [
                0.280007,
                0.464329,
                0.255664
            ],
            "Abdusattorov, Nodirbek|Aravindh, Chithambaram VR.": [
                0.226408,
                0.467589,
                0.306003
            ],
            "Vokhidov, Shamsiddin|Erigaisi Arjun": [
                0.194593,
                0.453331,
                0.352076
            ],
            "Sindarov, Javokhir|Rapport, Richard": [
                0.313829,
                0.480064,
                0.206107
            ]
        },
        "6": {
            "Praggnanandhaa R|Rapport, Richard": [
                0.361957,
                0.456345,
                0.181698
            ],
            "Erigaisi Arjun|Sindarov, Javokhir": [
                0.314414,
                0.450028,
                0.235558
            ],
            "Aravindh, Chithambaram VR.|Vokhidov, Shamsiddin": [
                0.420333,
                0.429749,
                0.149918
            ],
            "Yakubboev, Nodirbek|Abdusattorov, Nodirbek": [
                0.222401,
                0.458347,
                0.319252
            ],
            "Maghsoodloo, Parham|Nepomniachtchi, Ian": [
                0.220275,
                0.48435,
                0.295375
            ]
        },
        "7": {
            "Nepomniachtchi, Ian|Praggnanandhaa R": [
                0.203808,
                0.460944,
                0.335248
            ],
            "Abdusattorov, Nodirbek|Maghsoodloo, Parham": [
                0.396455,
                0.443265,
                0.16028
            ],
            "Vokhidov, Shamsiddin|Yakubboev, Nodirbek": [
                0.258907,
                0.498625,
                0.242468
            ],