{
    "metadata": {
        "time_seconds": 21.262240738
    },
    "winner_probs": {
        "Caruana, Fabiano": 0.328117,
        "Nakamura, Hikaru": 0.054161,
        "Firouzja, Alireza": 0.032291,
        "Nepomniachtchi, Ian": 0.128234,
        "Praggnanandhaa R": 0.118222,
        "Gukesh D": 0.287213,
        "Vidit, Santosh Gujrathi": 0.043718,
        "Abasov, Nijat": 0.008044
    },
    "expected_points": {
        "Caruana, Fabiano": 8.1853845,
        "Nakamura, Hikaru": 6.5879215,
        "Firouzja, Alireza": 6.295136,
        "Nepomniachtchi, Ian": 7.3025585,
        "Praggnanandhaa R": 7.300466,
        "Gukesh D": 8.1747055,
        "Vidit, Santosh Gujrathi": 6.5470115,
        "Abasov, Nijat": 5.6068165
    },
    "rank_matrix": {
        "Caruana, Fabiano": [
            0.328117,
            0.202388,
            0.159678,
            0.118225,
            0.084745,
            0.05762,
            0.03452,
            0.014707
        ],
        "Nakamura, Hikaru": [
            0.054161,
            0.087996,
            0.114103,
            0.136516,
            0.152146,
            0.163397,
            0.162726,
            0.128955
        ],
        "Firouzja, Alireza": [
            0.032291,
            0.056661,
            0.088339,
            0.119393,
            0.148102,
            0.172214,
            0.192814,
            0.190186
        ],
        "Nepomniachtchi, Ian": [
            0.128234,
            0.146745,
            0.161615,
            0.154033,
            0.140336,
            0.120619,
            0.094124,
            0.054294
        ],
        "Praggnanandhaa R": [
            0.118222,
            0.14867,
            0.160549,
            0.155256,
            0.140815,
            0.120429,
            0.095181,
            0.060878
        ],
        "Gukesh D": [
            0.287213,
            0.252992,
            0.16463,
            0.115342,
            0.0802,
            0.052789,
            0.032137,
            0.014697
        ],
        "Vidit, Santosh Gujrathi": [
            0.043718,
            0.079153,
            0.107871,
            0.133195,
            0.152681,
            0.166765,
            0.169397,
            0.14722
        ],
        "Abasov, Nijat": [
            0.008044,
            0.025395,
            0.043215,
            0.06804,
            0.100975,
            0.146167,
            0.219101,
            0.389063
        ]
    },
    "game_probs": {
        "4": {
            "Nakamura, Hikaru|Praggnanandhaa R": [
                0.24074,
                0.474204,
                0.285056
            ],
            "Nepomniachtchi, Ian|Vidit, Santosh Gujrathi": [
                0.293912,
                0.475321,
                0.230767
            ],
            "Caruana, Fabiano|Gukesh D": [
                0.271419,
                0.479485,
                0.249096
            ],
            "Abasov, Nijat|Firouzja, Alireza": [
                0.230274,
                0.493393,
                0.276333
            ]
        },
        "5": {
            "Praggnanandhaa R|Nepomniachtchi, Ian": [
                0.296874,
                0.4938,
                0.209326
            ],
            "Firouzja, Alireza|Nakamura, Hikaru": [
                0.228352,
                0.520668,
                0.25098
            ],
            "Gukesh D|Abasov, Nijat": [
                0.401277,
                0.462762,
                0.135961
            ],
            "Vidit, Santosh Gujrathi|Caruana, Fabiano": [
                0.166662,
                0.473945,
                0.359393
            ]
        },
        "6": {
            "Nepomniachtchi, Ian|Caruana, Fabiano": [
                0.212013,
                0.476543,
                0.311444
            ],
            "Gukesh D|Nakamura, Hikaru": [
                0.289464,
                0.500719,
                0.209817
            ],
            "Vidit, Santosh Gujrathi|Firouzja, Alireza": [
                0.262958,
                0.448028,
                0.289014
            ],
            "Praggnanandhaa R|Abasov, Nijat": [
                0.394061,
                0.427861,
                0.178078
            ]
        },
        "7": {
            "Firouzja, Alireza|Gukesh D": [
                0.201306,
                0.473004,
                0.32569
            ],
            "Nakamura, Hikaru|Nepomniachtchi, Ian": [
                0.298683,
                0.468879,
                0.232438
            ],
            "Caruana, Fabiano|Praggnanandhaa R": [
                0.320163,
                0.455472,
                0.224365
            ],
            "Abasov, Nijat|Vidit, Santosh Gujrathi": [
                0.237249,
                0.470094,
                0.292657
            ]
        },
        "8": {
            "Praggnanandhaa R|Firouzja, Alireza": [
                0.342217,
                0.429476,
                0.228307
            ],
            "Vidit, Santosh Gujrathi|Gukesh D": [
                0.179498,
                0.418804,
                0.401698
            ],
            "Nakamura, Hikaru|Caruana, Fabiano": [
                0.232751,
                0.451186,
                0.316063
            ],
            "Nepomniachtchi, Ian|Abasov, Nijat": [
                0.379928,
                0.418619,
                0.201453
            ]
        },
        "9": {
            "Vidit, Santosh Gujrathi|Nakamura, Hikaru": [
                0.221068,
                0.442997,
                0.335935
            ],
            "Gukesh D|Praggnanandhaa R": [
                0.292773,
                0.462386,
                0.244841
            ],
            "Firouzja, Alireza|Nepomniachtchi, Ian": [
                0.28121,
                0.480675,
                0.238115
            ],
            "Abasov, Nijat|Caruana, Fabiano": [
                0.168379,
                0.451175,
                0.380446
            ]
        },
        "10": {
            "Praggnanandhaa R|Vidit, Santosh Gujrathi": [
                0.339973,
                0.428159,
                0.231868
            ],
            "Nakamura, Hikaru|Abasov, Nijat": [
                0.390649,
                0.41202,
                0.197331
            ],
            "Nepomniachtchi, Ian|Gukesh D": [
                0.227414,
                0.418279,
                0.354307
            ],
            "Caruana, Fabiano|Firouzja, Alireza": [
                0.402697,
                0.416046,
                0.181257
            ]
        },
        "11": {
            "Praggnanandhaa R|Nakamura, Hikaru": [
                0.28579,
                0.444059,
                0.270151
            ],
            "Vidit, Santosh Gujrathi|Nepomniachtchi, Ian": [
                0.256313,
                0.443342,
                0.300345
            ],
            "Gukesh D|Caruana, Fabiano": [
                0.274802,
                0.459888,
                0.26531
            ],
            "Firouzja, Alireza|Abasov, Nijat": [
                0.352485,
                0.452083,
                0.195432
            ]
        },
        "12": {
            "Nepomniachtchi, Ian|Praggnanandhaa R": [
                0.253908,
                0.432032,
                0.31406
            ],
            "Nakamura, Hikaru|Firouzja, Alireza": [
                0.325013,
                0.435279,
                0.239708
            ],
            "Abasov, Nijat|Gukesh D": [
                0.1659,
                0.440082,
                0.394018
            ],
            "Caruana, Fabiano|Vidit, Santosh Gujrathi": [
                0.389221,
                0.431649,
                0.17913
            ]
        },