{
    "metadata": {
        "time_seconds": 5.504373173
    },
    "winner_probs": {
        "Caruana, Fabiano": 0.082902,
        "Nakamura, Hikaru": 0.340862,
        "Firouzja, Alireza": 0.0,
        "Nepomniachtchi, Ian": 0.23914,
        "Praggnanandhaa R": 0.0,
        "Gukesh D": 0.337096,
        "Vidit, Santosh Gujrathi": 0.0,
        "Abasov, Nijat": 0.0
    },
    "expected_points": {
        "Caruana, Fabiano": 8.109101,
        "Nakamura, Hikaru": 8.4836025,
        "Firouzja, Alireza": 5.4338255,
        "Nepomniachtchi, Ian": 8.402134,
        "Praggnanandhaa R": 7.05652,
        "Gukesh D": 8.6462765,
        "Vidit, Santosh Gujrathi": 6.0311155,
        "Abasov, Nijat": 3.837425
    },
    "rank_matrix": {
        "Caruana, Fabiano": [
            0.082902,
            0.13506,
            0.274467,
            0.378775,
            0.12758,
            0.001216,
            0.0,
            0.0
        ],
        "Nakamura, Hikaru": [
            0.340862,
            0.269236,
            0.220648,
            0.160476,
            0.008778,
            0.0,
            0.0,
            0.0
        ],
        "Firouzja, Alireza": [
            0.0,
            0.0,
            0.0,
            0.0,
            0.0118,
            0.20085,
            0.769099,
            0.018251
        ],
        "Nepomniachtchi, Ian": [
            0.23914,
            0.326319,
            0.230441,
            0.19251,
            0.01159,
            0.0,
            0.0,
            0.0
        ],
        "Praggnanandhaa R": [
            0.0,
            0.0,
            0.013129,
            0.139319,
            0.754044,
            0.091936,
            0.001572,
            0.0
        ],
        "Gukesh D": [
            0.337096,
            0.269385,
            0.261315,
            0.12892,
            0.003284,
            0.0,
            0.0,
            0.0
        ],
        "Vidit, Santosh Gujrathi": [
            0.0,
            0.0,
            0.0,
            0.0,
            0.082924,
            0.705998,
            0.211078,
            0.0
        ],
        "Abasov, Nijat": [
            0.0,
            0.0,
            0.0,
            0.0,
            0.0,
            0.0,
            0.018251,
            0.981749
        ]
    },
    "game_probs": {
        "13": {
            "Nepomniachtchi, Ian|Nakamura, Hikaru": [
                0.262458,
                0.452536,
                0.285006
            ],
            "Praggnanandhaa R|Caruana, Fabiano": [
                0.234765,
                0.485452,
                0.279783
            ],
            "Vidit, Santosh Gujrathi|Abasov, Nijat": [
                0.379855,
                0.407382,
                0.212763
            ],
            "Gukesh D|Firouzja, Alireza": [
                0.399645,
                0.43792,
                0.162435
            ]
        },
        "14": {
            "Nakamura, Hikaru|Gukesh D": [
                0.268714,
                0.407229,
                0.324057
            ],
            "Caruana, Fabiano|Nepomniachtchi, Ian": [
                0.345236,
                0.482712,
                0.172052
            ],
            "Firouzja, Alireza|Vidit, Santosh Gujrathi": [
                0.318607,
                0.467647,
                0.213746
            ],
            "Abasov, Nijat|Praggnanandhaa R": [
                0.154906,
                0.53213,
                0.312964
            ]
        }
    }
}
