{
    "metadata": {
        "time_seconds": 14.978120331
    },
    "winner_probs": {
        "Caruana, Fabiano": 0.242982,
        "Nakamura, Hikaru": 0.09008,
        "Firouzja, Alireza": 0.005762,
        "Nepomniachtchi, Ian": 0.252132,
        "Praggnanandhaa R": 0.165072,
        "Gukesh D": 0.200372,
        "Vidit, Santosh Gujrathi": 0.043326,
        "Abasov, Nijat": 0.000274
    },
    "expected_points": {
        "Caruana, Fabiano": 8.093882,
        "Nakamura, Hikaru": 7.220478,
        "Firouzja, Alireza": 5.652362,
        "Nepomniachtchi, Ian": 8.1031315,
        "Praggnanandhaa R": 7.7751915,
        "Gukesh D": 7.972404,
        "Vidit, Santosh Gujrathi": 6.7870915,
        "Abasov, Nijat": 4.3954595
    },
    "rank_matrix": {
        "Caruana, Fabiano": [
            0.242982,
            0.201286,
            0.18349,
            0.152364,
            0.114962,
            0.071752,
            0.028948,
            0.004216
        ],
        "Nakamura, Hikaru": [
            0.09008,
            0.116252,
            0.144582,
            0.167853,
            0.184445,
            0.168532,
            0.103543,
            0.024713
        ],
        "Firouzja, Alireza": [
            0.005762,
            0.017216,
            0.033173,
            0.05952,
            0.106924,
            0.198136,
            0.388548,
            0.190721
        ],
        "Nepomniachtchi, Ian": [
            0.252132,
            0.195722,
            0.179199,
            0.150467,
            0.116038,
            0.073371,
            0.02896,
            0.004111
        ],
        "Praggnanandhaa R": [
            0.165072,
            0.165698,
            0.173188,
            0.168023,
            0.148438,
            0.111183,
            0.057518,
            0.01088
        ],
        "Gukesh D": [
            0.200372,
            0.228166,
            0.177637,
            0.150685,
            0.119208,
            0.081819,
            0.036548,
            0.005565
        ],
        "Vidit, Santosh Gujrathi": [
            0.043326,
            0.074067,
            0.104702,
            0.140982,
            0.185358,
            0.232027,
            0.169459,
            0.050079
        ],
        "Abasov, Nijat": [
            0.000274,
            0.001593,
            0.004029,
            0.010106,
            0.024627,
            0.06318,
            0.186476,
            0.709715
        ]
    },
    "game_probs": {
        "8": {
            "Praggnanandhaa R|Firouzja, Alireza": [
                0.537753,
                0.246049,
                0.216198
            ],
            "Vidit, Santosh Gujrathi|Gukesh D": [
                0.312063,
                0.26549,
                0.422447
            ],
            "Nakamura, Hikaru|Caruana, Fabiano": [
                0.28423,
                0.344683,
                0.371087
            ],
            "Nepomniachtchi, Ian|Abasov, Nijat": [
                0.67449,
                0.194125,
                0.131385
            ]
        },
        "9": {
            "Vidit, Santosh Gujrathi|Nakamura, Hikaru": [
                0.323566,
                0.277216,
                0.399218
            ],
            "Gukesh D|Praggnanandhaa R": [
                0.394512,
                0.323621,
                0.281867
            ],
            "Firouzja, Alireza|Nepomniachtchi, Ian": [
                0.405013,
                0.320234,
                0.274753
            ],
            "Abasov, Nijat|Caruana, Fabiano": [
                0.237194,
                0.35929,
                0.403516
            ]
        },
        "10": {
            "Praggnanandhaa R|Vidit, Santosh Gujrathi": [
                0.474535,
                0.251067,
                0.274398
            ],
            "Nakamura, Hikaru|Abasov, Nijat": [
                0.583211,
                0.223708,
                0.193081
            ],
            "Nepomniachtchi, Ian|Gukesh D": [
                0.394267,
                0.247143,
                0.35859
            ],
            "Caruana, Fabiano|Firouzja, Alireza": [
                0.595014,
                0.242571,
                0.162415
            ]
        },
        "11": {
            "Praggnanandhaa R|Nakamura, Hikaru": [
                0.384559,
                0.257629,
                0.357812
            ],
            "Vidit, Santosh Gujrathi|Nepomniachtchi, Ian": [
                0.395959,
                0.280592,
                0.323449
            ],
            "Gukesh D|Caruana, Fabiano": [
                0.40215,
                0.304453,
                0.293397
            ],
            "Firouzja, Alireza|Abasov, Nijat": [
                0.595482,
                0.218653,
                0.185865
            ]
        },
        "12": {
            "Nepomniachtchi, Ian|Praggnanandhaa R": [
                0.393558,
                0.26172,
                0.344722
            ],
            "Nakamura, Hikaru|Firouzja, Alireza": [
                0.490155,
                0.253143,
                0.256702
            ],
            "Abasov, Nijat|Gukesh D": [
                0.263264,
                0.291892,
                0.444844
            ],
            "Caruana, Fabiano|Vidit, Santosh Gujrathi": [
                0.531305,
                0.263062,
                0.205633
            ]
        },
        "13": {
            "Nepomniachtchi, Ian|Nakamura, Hikaru": [
                0.408062,
                0.252656,
                0.339282
            ],
            "Praggnanandhaa R|Caruana, Fabiano": [
                0.36944,
                0.263418,
                0.367142
            ],
            "Vidit, Santosh Gujrathi|Abasov, Nijat": [
                0.573542,
                0.210116,
                0.216342
            ],
            "Gukesh D|Firouzja, Alireza": [
                0.57722,
                0.236788,
                0.185992
            ]
        },
        "14": {
            "Nakamura, Hikaru|Gukesh D": [
                0.33573,
                0.252645,
                0.411625
            ],
            "Caruana, Fabiano|Nepomniachtchi, Ian": [
                0.495328,
                0.296709,
                0.207963
            ],
            "Firouzja, Alireza|Vidit, Santosh Gujrathi": [
                0.440463,
                0.262756,
                0.296781
            ],
            "Abasov, Nijat|Praggnanandhaa R": [
                0.259526,
                0.319821,
                0.420653
            ]
        }
    }
}
