{
    "metadata": {
        "time_seconds": 16.287040556
    },
    "winner_probs": {
        "Caruana, Fabiano": 0.245567,
        "Nakamura, Hikaru": 0.084895,
        "Firouzja, Alireza": 0.005651,
        "Nepomniachtchi, Ian": 0.260876,
        "Praggnanandhaa R": 0.164616,
        "Gukesh D": 0.205406,
        "Vidit, Santosh Gujrathi": 0.03277,
        "Abasov, Nijat": 0.000219
    },
    "expected_points": {
        "Caruana, Fabiano": 7.9484345,
        "Nakamura, Hikaru": 7.1570805,
        "Firouzja, Alireza": 5.8123325,
        "Nepomniachtchi, Ian": 7.969385,
        "Praggnanandhaa R": 7.698541,
        "Gukesh D": 7.897071,
        "Vidit, Santosh Gujrathi": 6.700095,
        "Abasov, Nijat": 4.8170605
    },
    "rank_matrix": {
        "Caruana, Fabiano": [
            0.245567,
            0.196484,
            0.185998,
            0.15488,
            0.114752,
            0.069543,
            0.028284,
            0.004492
        ],
        "Nakamura, Hikaru": [
            0.084895,
            0.112906,
            0.144045,
            0.171489,
            0.192924,
            0.168876,
            0.100025,
            0.02484
        ],
        "Firouzja, Alireza": [
            0.005651,
            0.017442,
            0.033087,
            0.060259,
            0.107557,
            0.201675,
            0.375434,
            0.198895
        ],
        "Nepomniachtchi, Ian": [
            0.260876,
            0.194747,
            0.181281,
            0.151483,
            0.112654,
            0.06805,
            0.027023,
            0.003886
        ],
        "Praggnanandhaa R": [
            0.164616,
            0.166513,
            0.17755,
            0.173917,
            0.149878,
            0.105856,
            0.051768,
            0.009902
        ],
        "Gukesh D": [
            0.205406,
            0.249441,
            0.182537,
            0.147697,
            0.111636,
            0.070069,
            0.028753,
            0.004461
        ],
        "Vidit, Santosh Gujrathi": [
            0.03277,
            0.061014,
            0.091479,
            0.130116,
            0.184767,
            0.247348,
            0.190896,
            0.06161
        ],
        "Abasov, Nijat": [
            0.000219,
            0.001453,
            0.004023,
            0.010159,
            0.025832,
            0.068583,
            0.197817,
            0.691914
        ]
    },
    "game_probs": {
        "8": {
            "Praggnanandhaa R|Firouzja, Alireza": [
                0.364656,
                0.42868,
                0.206664
            ],
            "Vidit, Santosh Gujrathi|Gukesh D": [
                0.202072,
                0.43184,
                0.366088
            ],
            "Nakamura, Hikaru|Caruana, Fabiano": [
                0.212164,
                0.500189,
                0.287647
            ],
            "Nepomniachtchi, Ian|Abasov, Nijat": [
                0.429165,
                0.397061,
                0.173774
            ]
        },
        "9": {
            "Vidit, Santosh Gujrathi|Nakamura, Hikaru": [
                0.221263,
                0.445381,
                0.333356
            ],
            "Gukesh D|Praggnanandhaa R": [
                0.284531,
                0.487603,
                0.227866
            ],
            "Firouzja, Alireza|Nepomniachtchi, Ian": [
                0.278389,
                0.483634,
                0.237977
            ],
            "Abasov, Nijat|Caruana, Fabiano": [
                0.155788,
                0.499697,
                0.344515
            ]
        },
        "10": {
            "Praggnanandhaa R|Vidit, Santosh Gujrathi": [
                0.360647,
                0.424523,
                0.21483
            ],
            "Nakamura, Hikaru|Abasov, Nijat": [
                0.41168,
                0.406894,
                0.181426
            ],
            "Nepomniachtchi, Ian|Gukesh D": [
                0.248861,
                0.426135,
                0.325004
            ],
            "Caruana, Fabiano|Firouzja, Alireza": [
                0.402781,
                0.430025,
                0.167194
            ]
        },
        "11": {
            "Praggnanandhaa R|Nakamura, Hikaru": [
                0.283408,
                0.437273,
                0.279319
            ],
            "Vidit, Santosh Gujrathi|Nepomniachtchi, Ian": [
                0.260498,
                0.459489,
                0.280013
            ],
            "Gukesh D|Caruana, Fabiano": [
                0.274954,
                0.477615,
                0.247431
            ],
            "Firouzja, Alireza|Abasov, Nijat": [
                0.391303,
                0.42188,
                0.186817
            ]
        },
        "12": {
            "Nepomniachtchi, Ian|Praggnanandhaa R": [
                0.260467,
                0.441537,
                0.297996
            ],
            "Nakamura, Hikaru|Firouzja, Alireza": [
                0.326765,
                0.450004,
                0.223231
            ],
            "Abasov, Nijat|Gukesh D": [
                0.168977,
                0.467504,
                0.363519
            ],
            "Caruana, Fabiano|Vidit, Santosh Gujrathi": [
                0.389213,
                0.442619,
                0.168168
            ]
        },
        "13": {
            "Nepomniachtchi, Ian|Nakamura, Hikaru": [
                0.267743,
                0.443277,
                0.28898
            ],
            "Praggnanandhaa R|Caruana, Fabiano": [
                0.251573,
                0.454119,
                0.294308
            ],
            "Vidit, Santosh Gujrathi|Abasov, Nijat": [
                0.358469,
                0.424486,
                0.217045
            ],
            "Gukesh D|Firouzja, Alireza": [
                0.37843,
                0.445008,
                0.176562
            ]
        },
        "14": {
            "Nakamura, Hikaru|Gukesh D": [
                0.23746,
                0.451695,
                0.310845
            ],
            "Caruana, Fabiano|Nepomniachtchi, Ian": [
                0.333334,
                0.494147,
                0.172519
            ],
            "Firouzja, Alireza|Vidit, Santosh Gujrathi": [
                0.30663,
                0.465488,
                0.227882
            ],
            "Abasov, Nijat|Praggnanandhaa R": [
                0.171004,
                0.506937,
                0.322059
            ]
        }
    }
}
