{
    "metadata": {
        "time_seconds": 3.224987418
    },
    "winner_probs": {
        "Caruana, Fabiano": 0.134511,
        "Nakamura, Hikaru": 0.216288,
        "Firouzja, Alireza": 0.0,
        "Nepomniachtchi, Ian": 0.071142,
        "Praggnanandhaa R": 0.0,
        "Gukesh D": 0.578059,
        "Vidit, Santosh Gujrathi": 0.0,
        "Abasov, Nijat": 0.0
    },
    "expected_points": {
        "Caruana, Fabiano": 8.5846805,
        "Nakamura, Hikaru": 8.4724945,
        "Firouzja, Alireza": 5.0542625,
        "Nepomniachtchi, Ian": 8.4153195,
        "Praggnanandhaa R": 6.580382,
        "Gukesh D": 9.0275055,
        "Vidit, Santosh Gujrathi": 5.9457375,
        "Abasov, Nijat": 3.919618
    },
    "rank_matrix": {
        "Caruana, Fabiano": [
            0.134511,
            0.203691,
            0.293449,
            0.368349,
            0.0,
            0.0,
            0.0,
            0.0
        ],
        "Nakamura, Hikaru": [
            0.216288,
            0.211873,
            0.385847,
            0.185992,
            0.0,
            0.0,
            0.0,
            0.0
        ],
        "Firouzja, Alireza": [
            0.0,
            0.0,
            0.0,
            0.0,
            0.0,
            0.0,
            0.967601,
            0.032399
        ],
        "Nepomniachtchi, Ian": [
            0.071142,
            0.43682,
            0.177549,
            0.314489,
            0.0,
            0.0,
            0.0,
            0.0
        ],
        "Praggnanandhaa R": [
            0.0,
            0.0,
            0.0,
            0.0,
            0.819154,
            0.180846,
            0.0,
            0.0
        ],
        "Gukesh D": [
            0.578059,
            0.147616,
            0.143155,
            0.13117,
            0.0,
            0.0,
            0.0,
            0.0
        ],
        "Vidit, Santosh Gujrathi": [
            0.0,
            0.0,
            0.0,
            0.0,
            0.180846,
            0.819154,
            0.0,
            0.0
        ],
        "Abasov, Nijat": [
            0.0,
            0.0,
            0.0,
            0.0,
            0.0,
            0.0,
            0.032399,
            0.967601
        ]
    },
    "game_probs": {
        "14": {
            "Nakamura, Hikaru|Gukesh D": [
                0.274325,
                0.396339,
                0.329336
            ],
            "Caruana, Fabiano|Nepomniachtchi, Ian": [
                0.338202,
                0.492957,
                0.168841
            ],
            "Firouzja, Alireza|Vidit, Santosh Gujrathi": [
                0.320513,
                0.467499,
                0.211988
            ],
            "Abasov, Nijat|Praggnanandhaa R": [
                0.153485,
                0.532266,
                0.314249
            ]
        }
    }
}
