{
    "metadata": {
        "time_seconds": 25.127002046
    },
    "winner_probs": {
        "Caruana, Fabiano": 0.332797,
        "Nakamura, Hikaru": 0.059781,
        "Firouzja, Alireza": 0.032541,
        "Nepomniachtchi, Ian": 0.116995,
        "Praggnanandhaa R": 0.062911,
        "Gukesh D": 0.30159,
        "Vidit, Santosh Gujrathi": 0.085606,
        "Abasov, Nijat": 0.007779
    },
    "expected_points": {
        "Caruana, Fabiano": 8.2604135,
        "Nakamura, Hikaru": 6.669646,
        "Firouzja, Alireza": 6.2208565,
        "Nepomniachtchi, Ian": 7.208178,
        "Praggnanandhaa R": 6.7960015,
        "Gukesh D": 8.2674815,
        "Vidit, Santosh Gujrathi": 7.066552,
        "Abasov, Nijat": 5.510871
    },
    "rank_matrix": {
        "Caruana, Fabiano": [
            0.332797,
            0.20705,
            0.157323,
            0.114813,
            0.081874,
            0.056408,
            0.034905,
            0.01483
        ],
        "Nakamura, Hikaru": [
            0.059781,
            0.090171,
            0.12195,
            0.141719,
            0.153593,
            0.156843,
            0.152973,
            0.12297
        ],
        "Firouzja, Alireza": [
            0.032541,
            0.057275,
            0.085776,
            0.114456,
            0.141737,
            0.172003,
            0.19832,
            0.197892
        ],
        "Nepomniachtchi, Ian": [
            0.116995,
            0.137588,
            0.152631,
            0.151663,
            0.143923,
            0.129209,
            0.105643,
            0.062348
        ],
        "Praggnanandhaa R": [
            0.062911,
            0.101835,
            0.129168,
            0.14396,
            0.153028,
            0.154131,
            0.14417,
            0.110797
        ],
        "Gukesh D": [
            0.30159,
            0.247752,
            0.160354,
            0.11234,
            0.078851,
            0.05267,
            0.031784,
            0.014659
        ],
        "Vidit, Santosh Gujrathi": [
            0.085606,
            0.13354,
            0.150232,
            0.154221,
            0.148845,
            0.135555,
            0.114932,
            0.077069
        ],
        "Abasov, Nijat": [
            0.007779,
            0.024789,
            0.042566,
            0.066828,
            0.098149,
            0.143181,
            0.217273,
            0.399435
        ]
    },
    "game_probs": {
        "3": {
            "Gukesh D|Nepomniachtchi, Ian": [
                0.320037,
                0.513109,
                0.166854
            ],
            "Abasov, Nijat|Nakamura, Hikaru": [
                0.175853,
                0.505535,
                0.318612
            ],
            "Firouzja, Alireza|Caruana, Fabiano": [
                0.188377,
                0.51268,
                0.298943
            ],
            "Vidit, Santosh Gujrathi|Praggnanandhaa R": [
                0.194531,
                0.507367,
                0.298102
            ]
        },
        "4": {
            "Nakamura, Hikaru|Praggnanandhaa R": [
                0.251168,
                0.48294,
                0.265892
            ],
            "Nepomniachtchi, Ian|Vidit, Santosh Gujrathi": [
                0.295489,
                0.474589,
                0.229922
            ],
            "Caruana, Fabiano|Gukesh D": [
                0.273727,
                0.477984,
                0.248289
            ],
            "Abasov, Nijat|Firouzja, Alireza": [
                0.231663,
                0.479919,
                0.288418
            ]
        },
        "5": {
            "Praggnanandhaa R|Nepomniachtchi, Ian": [
                0.307672,
                0.479764,
                0.212564
            ],
            "Firouzja, Alireza|Nakamura, Hikaru": [
                0.236863,
                0.494584,
                0.268553
            ],
            "Gukesh D|Abasov, Nijat": [
                0.412193,
                0.450057,
                0.13775
            ],
            "Vidit, Santosh Gujrathi|Caruana, Fabiano": [
                0.172878,
                0.480237,
                0.346885
            ]
        },
        "6": {
            "Nepomniachtchi, Ian|Caruana, Fabiano": [
                0.215627,
                0.463584,
                0.320789
            ],
            "Gukesh D|Nakamura, Hikaru": [
                0.304955,
                0.475724,
                0.219321
            ],
            "Vidit, Santosh Gujrathi|Firouzja, Alireza": [
                0.269524,
                0.458839,
                0.271637
            ],
            "Praggnanandhaa R|Abasov, Nijat": [
                0.396836,
                0.424431,
                0.178733
            ]
        },
        "7": {
            "Firouzja, Alireza|Gukesh D": [
                0.204148,
                0.461276,
                0.334576
            ],
            "Nakamura, Hikaru|Nepomniachtchi, Ian": [
                0.306178,
                0.459376,
                0.234446
            ],
            "Caruana, Fabiano|Praggnanandhaa R": [
                0.326938,
                0.460494,
                0.212568
            ],
            "Abasov, Nijat|Vidit, Santosh Gujrathi": [
                0.23989,
                0.459897,
                0.300213
            ]
        },
        "8": {
            "Praggnanandhaa R|Firouzja, Alireza": [
                0.344043,
                0.426247,
                0.22971
            ],
            "Vidit, Santosh Gujrathi|Gukesh D": [
                0.185638,
                0.433647,
                0.380715
            ],
            "Nakamura, Hikaru|Caruana, Fabiano": [
                0.23387,
                0.44218,
                0.32395
            ],
            "Nepomniachtchi, Ian|Abasov, Nijat": [
                0.378223,
                0.419334,
                0.202443
            ]
        },
        "9": {
            "Vidit, Santosh Gujrathi|Nakamura, Hikaru": [
                0.229298,
                0.445846,
                0.324856
            ],
            "Gukesh D|Praggnanandhaa R": [
                0.307369,
                0.459612,
                0.233019
            ],
            "Firouzja, Alireza|Nepomniachtchi, Ian": [
                0.291912,
                0.460414,
                0.247674
            ],
            "Abasov, Nijat|Caruana, Fabiano": [
                0.17189,
                0.430987,
                0.397123
            ]
        },
        "10": {
            "Praggnanandhaa R|Vidit, Santosh Gujrathi": [
                0.339488,
                0.428802,
                0.23171
            ],
            "Nakamura, Hikaru|Abasov, Nijat": [
                0.389944,
                0.414561,
                0.195495
            ],
            "Nepomniachtchi, Ian|Gukesh D": [
                0.227406,
                0.418511,
                0.354083
            ],
            "Caruana, Fabiano|Firouzja, Alireza": [
                0.40183,
                0.417386,
                0.180784
            ]
        },
        "11": {
            "Praggnanandhaa R|Nakamura, Hikaru": [
                0.286512,
                0.438553,
                0.274935
            ],
            "Vidit, Santosh Gujrathi|Nepomniachtchi, Ian": [
                0.269001,
                0.444259,
                0.28674
            ],
            "Gukesh D|Caruana, Fabiano": [
                0.28389,
                0.441774,
                0.274336
            ],
            "Firouzja, Alireza|Abasov, Nijat": [
                0.355103,
                0.44456,
                0.200337
            ]
        },