{
    "metadata": {
        "time_seconds": 5.240714016
    },
    "winner_probs": {
        "Caruana, Fabiano": 0.103981,
        "Nakamura, Hikaru": 0.310235,
        "Firouzja, Alireza": 0.0,
        "Nepomniachtchi, Ian": 0.210317,
        "Praggnanandhaa R": 0.0,
        "Gukesh D": 0.375467,
        "Vidit, Santosh Gujrathi": 0.0,
        "Abasov, Nijat": 0.0
    },
    "expected_points": {
        "Caruana, Fabiano": 8.1691755,
        "Nakamura, Hikaru": 8.4687625,
        "Firouzja, Alireza": 5.3772185,
        "Nepomniachtchi, Ian": 8.3675245,
        "Praggnanandhaa R": 7.0751725,
        "Gukesh D": 8.735089,
        "Vidit, Santosh Gujrathi": 6.0948365,
        "Abasov, Nijat": 3.712221
    },
    "rank_matrix": {
        "Caruana, Fabiano": [
            0.103981,
            0.189641,
            0.304806,
            0.269834,
            0.128086,
            0.003652,
            0.0,
            0.0
        ],
        "Nakamura, Hikaru": [
            0.310235,
            0.271091,
            0.199496,
            0.196837,
            0.022341,
            0.0,
            0.0,
            0.0
        ],
        "Firouzja, Alireza": [
            0.0,
            0.0,
            0.0,
            0.0,
            0.01705,
            0.197049,
            0.760098,
            0.025803
        ],
        "Nepomniachtchi, Ian": [
            0.210317,
            0.309657,
            0.222456,
            0.230039,
            0.027531,
            0.0,
            0.0,
            0.0
        ],
        "Praggnanandhaa R": [
            0.0,
            0.0,
            0.023391,
            0.165936,
            0.674613,
            0.132249,
            0.003811,
            0.0
        ],
        "Gukesh D": [
            0.375467,
            0.229611,
            0.249851,
            0.137354,
            0.007717,
            0.0,
            0.0,
            0.0
        ],
        "Vidit, Santosh Gujrathi": [
            0.0,
            0.0,
            0.0,
            0.0,
            0.122662,
            0.66705,
            0.210288,
            0.0
        ],
        "Abasov, Nijat": [
            0.0,
            0.0,
            0.0,
            0.0,
            0.0,
            0.0,
            0.025803,
            0.974197
        ]
    },
    "game_probs": {
        "13": {
            "Nepomniachtchi, Ian|Nakamura, Hikaru": [
                0.375284,
                0.280121,
                0.344595
            ],
            "Praggnanandhaa R|Caruana, Fabiano": [
                0.323291,
                0.310707,
                0.366002
            ],
            "Vidit, Santosh Gujrathi|Abasov, Nijat": [
                0.588578,
                0.205346,
                0.206076
            ],
            "Gukesh D|Firouzja, Alireza": [
                0.596301,
                0.24579,
                0.157909
            ]
        },
        "14": {
            "Nakamura, Hikaru|Gukesh D": [
                0.366069,
                0.236076,
                0.397855
            ],
            "Caruana, Fabiano|Nepomniachtchi, Ian": [
                0.498872,
                0.297896,
                0.203232
            ],
            "Firouzja, Alireza|Vidit, Santosh Gujrathi": [
                0.458177,
                0.276475,
                0.265348
            ],
            "Abasov, Nijat|Praggnanandhaa R": [
                0.220595,
                0.365754,
                0.413651
            ]
        }
    }
}
