{
    "metadata": {
        "time_seconds": 13.618352652
    },
    "winner_probs": {
        "Caruana, Fabiano": 0.090635,
        "Nakamura, Hikaru": 0.186736,
        "Firouzja, Alireza": 0.003555,
        "Nepomniachtchi, Ian": 0.210559,
        "Praggnanandhaa R": 0.139127,
        "Gukesh D": 0.361607,
        "Vidit, Santosh Gujrathi": 0.007682,
        "Abasov, Nijat": 9.9e-05
    },
    "expected_points": {
        "Caruana, Fabiano": 7.3689275,
        "Nakamura, Hikaru": 7.73356,
        "Firouzja, Alireza": 5.8783355,
        "Nepomniachtchi, Ian": 7.832868,
        "Praggnanandhaa R": 7.631882,
        "Gukesh D": 8.3474385,
        "Vidit, Santosh Gujrathi": 6.251274,
        "Abasov, Nijat": 4.9557145
    },
    "rank_matrix": {
        "Caruana, Fabiano": [
            0.090635,
            0.119409,
            0.176086,
            0.206171,
            0.201237,
            0.129055,
            0.063557,
            0.01385
        ],
        "Nakamura, Hikaru": [
            0.186736,
            0.208233,
            0.198958,
            0.171986,
            0.127976,
            0.07081,
            0.029789,
            0.005512
        ],
        "Firouzja, Alireza": [
            0.003555,
            0.014694,
            0.032772,
            0.063875,
            0.121164,
            0.244512,
            0.338407,
            0.181021
        ],
        "Nepomniachtchi, Ian": [
            0.210559,
            0.201699,
            0.192653,
            0.167262,
            0.129307,
            0.06899,
            0.02687,
            0.00266
        ],
        "Praggnanandhaa R": [
            0.139127,
            0.155901,
            0.187487,
            0.188478,
            0.174353,
            0.102974,
            0.042832,
            0.008848
        ],
        "Gukesh D": [
            0.361607,
            0.276841,
            0.159533,
            0.104359,
            0.063908,
            0.026011,
            0.006901,
            0.00084
        ],
        "Vidit, Santosh Gujrathi": [
            0.007682,
            0.022224,
            0.048854,
            0.087264,
            0.153228,
            0.272446,
            0.282651,
            0.125651
        ],
        "Abasov, Nijat": [
            9.9e-05,
            0.000999,
            0.003657,
            0.010605,
            0.028827,
            0.085202,
            0.208993,
            0.661618
        ]
    },
    "game_probs": {
        "9": {
            "Vidit, Santosh Gujrathi|Nakamura, Hikaru": [
                0.212461,
                0.437198,
                0.350341
            ],
            "Gukesh D|Praggnanandhaa R": [
                0.28128,
                0.490946,
                0.227774
            ],
            "Firouzja, Alireza|Nepomniachtchi, Ian": [
                0.279055,
                0.481357,
                0.239588
            ],
            "Abasov, Nijat|Caruana, Fabiano": [
                0.173843,
                0.487793,
                0.338364
            ]
        },
        "10": {
            "Praggnanandhaa R|Vidit, Santosh Gujrathi": [
                0.353732,
                0.433126,
                0.213142
            ],
            "Nakamura, Hikaru|Abasov, Nijat": [
                0.420378,
                0.406407,
                0.173215
            ],
            "Nepomniachtchi, Ian|Gukesh D": [
                0.234247,
                0.428417,
                0.337336
            ],
            "Caruana, Fabiano|Firouzja, Alireza": [
                0.396786,
                0.436928,
                0.166286
            ]
        },
        "11": {
            "Praggnanandhaa R|Nakamura, Hikaru": [
                0.27661,
                0.448184,
                0.275206
            ],
            "Vidit, Santosh Gujrathi|Nepomniachtchi, Ian": [
                0.254437,
                0.450989,
                0.294574
            ],
            "Gukesh D|Caruana, Fabiano": [
                0.293814,
                0.466732,
                0.239454
            ],
            "Firouzja, Alireza|Abasov, Nijat": [
                0.382697,
                0.430206,
                0.187097
            ]
        },
        "12": {
            "Nepomniachtchi, Ian|Praggnanandhaa R": [
                0.252209,
                0.451756,
                0.296035
            ],
            "Nakamura, Hikaru|Firouzja, Alireza": [
                0.341654,
                0.44377,
                0.214576
            ],
            "Abasov, Nijat|Gukesh D": [
                0.164902,
                0.455495,
                0.379603
            ],
            "Caruana, Fabiano|Vidit, Santosh Gujrathi": [
                0.382268,
                0.45357,
                0.164162
            ]
        },
        "13": {
            "Nepomniachtchi, Ian|Nakamura, Hikaru": [
                0.262276,
                0.446972,
                0.290752
            ],
            "Praggnanandhaa R|Caruana, Fabiano": [
                0.259319,
                0.461817,
                0.278864
            ],
            "Vidit, Santosh Gujrathi|Abasov, Nijat": [
                0.341566,
                0.432459,
                0.225975
            ],
            "Gukesh D|Firouzja, Alireza": [
                0.373177,
                0.450794,
                0.176029
            ]
        },
        "14": {
            "Nakamura, Hikaru|Gukesh D": [
                0.24964,
                0.428647,
                0.321713
            ],
            "Caruana, Fabiano|Nepomniachtchi, Ian": [
                0.329639,
                0.500265,
                0.170096
            ],
            "Firouzja, Alireza|Vidit, Santosh Gujrathi": [
                0.305165,
                0.466,
                0.228835
            ],
            "Abasov, Nijat|Praggnanandhaa R": [
                0.170485,
                0.508035,
                0.32148
            ]
        }
    }
}
